"Jour	Type	Clics	Impressions	CTR	CPC.moy.	Co?t	Position.moy.	Clics.convertis	Co?t.clic.converti	Taux.de.conversion.des.clics	Conv..apr?s.affichage	Valeur.de.conv..totale"
"01/09/2012	Brand	250	1928	0,12966805	0,12568	31,42	42,1	9	3,491111111	0,036	0	617"
"02/09/2012	Brand	257	1995	0,128822055	0,121789883	31,3	44,1	10	3,13	0,038910506	0	901,95"
"03/09/2012	Brand	228	1762	0,129398411	0,123815789	28,23	43,3	9	3,136666667	0,039473684	0	646,55"
"04/09/2012	Brand	197	1660	0,118674699	0,140913706	27,76	42,3	10	2,776	0,050761421	0	874,45"
"05/09/2012	Brand	186	1568	0,118622449	0,140053763	26,05	45,2	6	4,341666667	0,032258065	0	1037,65"
"06/09/2012	Brand	192	1956	0,098159509	0,138229167	26,54	43	8	3,3175	0,041666667	0	1557,85"
"07/09/2012	Brand	182	1624	0,112068966	0,140659341	25,6	42,1	13	1,969230769	0,071428571	0	3366,4"
"08/09/2012	Brand	150	1652	0,090799031	0,155	23,25	48,3	5	4,65	0,033333333	0	262,25"
"09/09/2012	Brand	164	1927	0,085106383	0,169756098	27,84	44	8	3,48	0,048780488	0	664,55"
"10/09/2012	Brand	188	1685	0,1115727	0,159946809	30,07	40	6	5,011666667	0,031914894	0	820,15"
"11/09/2012	Brand	197	1521	0,129520053	0,167817259	33,06	40	7	4,722857143	0,035532995	0	978,15"
"12/09/2012	Brand	181	1438	0,125869263	0,18359116	33,23	38	7	4,747142857	0,038674033	0	978,15"
"13/09/2012	Brand	198	1671	0,118491921	0,154292929	30,55	40,7	8	3,81875	0,04040404	0	787,55"
"14/09/2012	Brand	177	1793	0,098717234	0,181412429	32,11	41,3	6	5,351666667	0,033898305	0	2201,65"
"15/09/2012	Brand	158	1657	0,095353048	0,171265823	27,06	42,9	12	2,255	0,075949367	0	1673,8"
"16/09/2012	Brand	185	1863	0,099302201	0,169513514	31,36	40,3	4	7,84	0,021621622	0	432,3"
"17/09/2012	Brand	188	1646	0,114216282	0,161382979	30,34	37,1	10	3,034	0,053191489	0	1060"
"18/09/2012	Brand	241	2488	0,096864952	0,191991701	46,27	44,2	7	6,61	0,029045643	0	1202,15"
"19/09/2012	Brand	185	2234	0,082811101	0,237405405	43,92	24	8	5,49	0,043243243	0	1119,6"
"20/09/2012	Brand	186	2343	0,079385403	0,229032258	42,6	25	10	4,26	0,053763441	0	823"
"21/09/2012	Brand	163	1962	0,083078491	0,254110429	41,42	24	6	6,903333333	0,036809816	0	1059,7"
"22/09/2012	Brand	146	2184	0,066849817	0,267328767	39,03	24	3	13,01	0,020547945	0	235,85"
"23/09/2012	Brand	162	2031	0,079763663	0,257037037	41,64	24	9	4,626666667	0,055555556	0	1286,95"
"24/09/2012	Brand	195	1692	0,115248227	0,228153846	44,49	23	7	6,355714286	0,035897436	0	933,15"
"25/09/2012	Brand	186	2197	0,084660901	0,234032258	43,53	24	6	7,255	0,032258065	0	642,15"
"26/09/2012	Brand	210	1488	0,141129032	0,205380952	43,13	23,2	6	7,188333333	0,028571429	0	873,2"
"27/09/2012	Brand	182	1955	0,093094629	0,234120879	42,61	22,1	8	5,32625	0,043956044	0	1314,55"
"28/09/2012	Brand	25	370	0,067567568	0,2016	5,04	9	2	2,52	0,08	0	865,85"
"29/09/2012	Brand	0	0	0	0	0	0	0	0	0	0	0"
"30/09/2012	Brand	0	0	0	0	0	0	0	0	0	0	0"
"01/10/2012	Brand	181	1881	0,096225412	0,228232044	41,31	13	14	2,950714286	0,077348066	0	1587,3"
"02/10/2012	Brand	186	2259	0,082337317	0,219193548	40,77	27	6	6,795	0,032258065	0	742,2"
"03/10/2012	Brand	161	1247	0,129109864	0,249937888	40,24	43	8	5,03	0,049689441	0	851,6"
"04/10/2012	Brand	185	2191	0,08443633	0,248918919	46,05	46,5	12	3,8375	0,064864865	0	1650,75"
"05/10/2012	Brand	180	1781	0,101066816	0,249222222	44,86	47	7	6,408571429	0,038888889	0	555,65"
"06/10/2012	Brand	170	1759	0,096645821	0,265235294	45,09	44,4	11	4,099090909	0,064705882	0	2275,8"
"07/10/2012	Brand	166	1909	0,086956522	0,265361446	44,05	41	11	4,004545455	0,06626506	0	1065,15"
"08/10/2012	Brand	191	1086	0,17587477	0,247591623	47,29	42	7	6,755714286	0,036649215	0	615,1"
"09/10/2012	Brand	170	2468	0,068881686	0,275882353	46,9	45,5	7	6,7	0,041176471	0	687,65"
"10/10/2012	Brand	119	1869	0,063670412	0,389495798	46,35	45,5	7	6,621428571	0,058823529	0	807,65"
"11/10/2012	Brand	92	847	0,108618654	0,499347826	45,94	45,6	3	15,31333333	0,032608696	0	157,85"
"12/10/2012	Brand	101	1514	0,0667107	0,449009901	45,35	43,2	5	9,07	0,04950495	0	426,75"
"13/10/2012	Brand	127	2046	0,062072336	0,351496063	44,64	43,8	2	22,32	0,015748031	0	230,45"
"14/10/2012	Brand	125	1979	0,063163214	0,36072	45,09	46,1	8	5,63625	0,064	0	1315,45"
"15/10/2012	Brand	150	1663	0,090198437	0,3122	46,83	43,6	4	11,7075	0,026666667	0	698,8"
"16/10/2012	Brand	142	2870	0,049477352	0,322535211	45,8	44,6	5	9,16	0,035211268	0	640,75"
"17/10/2012	Brand	123	1265	0,097233202	0,380894309	46,85	45,5	9	5,205555556	0,073170732	0	1405"
"18/10/2012	Brand	129	2536	0,050867508	0,35	45,15	47,6	7	6,45	0,054263566	0	699,9"
"19/10/2012	Brand	109	2333	0,04672096	0,38	41,42	44,2	1	41,42	0,009174312	0	202,45"
"20/10/2012	Brand	110	1759	0,062535532	0,405545455	44,61	45,1	8	5,57625	0,072727273	0	881,6"
"21/10/2012	Brand	120	1812	0,066225166	0,380583333	45,67	46,5	5	9,134	0,041666667	0	574,25"
"22/10/2012	Brand	129	941	0,137088204	0,362170543	46,72	42,3	5	9,344	0,03875969	0	1133,75"
"23/10/2012	Brand	115	2884	0,039875173	0,364086957	41,87	46,2	3	13,95666667	0,026086957	0	318,8"
"24/10/2012	Brand	166	1583	0,104864182	0,288192771	47,84	43,6	3	15,94666667	0,018072289	0	380,35"
"25/10/2012	Brand	197	1784	0,110426009	0,225583756	44,44	45,1	7	6,348571429	0,035532995	0	643,7"
"26/10/2012	Brand	194	1237	0,156831043	0,227061856	44,05	43,1	9	4,894444444	0,046391753	0	776,05"
"27/10/2012	Brand	187	1408	0,1328125	0,232566845	43,49	46	4	10,8725	0,021390374	0	701,8"
"28/10/2012	Brand	163	730	0,223287671	0,266380368	43,42	47	7	6,202857143	0,042944785	0	1383,5"
"29/10/2012	Brand	204	1530	0,133333333	0,225784314	46,06	43,4	9	5,117777778	0,044117647	0	1131,7"
"30/10/2012	Brand	193	1757	0,109846329	0,220621762	42,58	44,3	8	5,3225	0,041450777	0	1255,45"
"31/10/2012	Brand	180	1446	0,124481328	0,208055556	37,45	44,1	7	5,35	0,038888889	0	709"
"01/11/2012	Brand	195	1947	0,100154083	0,233435897	45,52	43,7	9	5,057777778	0,046153846	0	1043,85"
"02/11/2012	Brand	185	1732	0,106812933	0,246324324	45,57	45,5	8	5,69625	0,043243243	0	983,2"
"03/11/2012	Brand	180	1327	0,13564431	0,218055556	39,25	44,4	6	6,541666667	0,033333333	0	551"
"04/11/2012	Brand	229	2040	0,112254902	0,200655022	45,95	46,9	11	4,177272727	0,048034934	0	1292,2"
"05/11/2012	Brand	202	1032	0,195736434	0,231336634	46,73	48,9	3	15,57666667	0,014851485	0	311,35"
"06/11/2012	Brand	214	1015	0,210837438	0,214345794	45,87	46	12	3,8225	0,056074766	0	952,95"
"07/11/2012	Brand	234	1610	0,145341615	0,198247863	46,39	43,6	12	3,865833333	0,051282051	0	1507,4"
"08/11/2012	Brand	216	2895	0,074611399	0,209305556	45,21	45,2	11	4,11	0,050925926	0	1391,45"
"09/11/2012	Brand	215	2454	0,087612062	0,184976744	39,77	46,2	10	3,977	0,046511628	0	1195,55"
"10/11/2012	Brand	209	2534	0,082478295	0,209904306	43,87	46,9	8	5,48375	0,038277512	0	1219,5"
"11/11/2012	Brand	221	1660	0,13313253	0,200497738	44,31	45,4	9	4,923333333	0,040723982	0	947,05"
"12/11/2012	Brand	222	1722	0,128919861	0,215	47,73	43,3	11	4,339090909	0,04954955	0	1624,2"
"13/11/2012	Brand	229	2806	0,081610834	0,200349345	45,88	46,1	8	5,735	0,034934498	0	728,6"
"14/11/2012	Brand	162	1155	0,14025974	0,291604938	47,24	48,8	6	7,873333333	0,037037037	0	493,25"
"15/11/2012	Brand	163	1834	0,088876772	0,292331288	47,65	52	6	7,941666667	0,036809816	0	401,2"
"16/11/2012	Brand	133	948	0,140295359	0,346541353	46,09	46	10	4,609	0,07518797	0	1193,9"
"17/11/2012	Brand	181	2265	0,0799117	0,196961326	35,65	46,5	8	4,45625	0,044198895	0	895,6"
"18/11/2012	Brand	249	2116	0,117674858	0,189236948	47,12	46,2	9	5,235555556	0,036144578	0	816,65"
"19/11/2012	Brand	196	1658	0,118214717	0,239081633	46,86	46,5	16	2,92875	0,081632653	0	1431,4"
"20/11/2012	Brand	190	896	0,212053571	0,246842105	46,9	47,2	9	5,211111111	0,047368421	0	1128,5"
"21/11/2012	Brand	164	870	0,188505747	0,286280488	46,95	43,3	7	6,707142857	0,042682927	0	503,9"
"22/11/2012	Brand	166	793	0,209331652	0,282349398	46,87	43,4	7	6,695714286	0,042168675	0	1057,15"
"23/11/2012	Brand	161	850	0,189411765	0,291304348	46,9	42,4	12	3,908333333	0,074534161	0	978,4"
"24/11/2012	Brand	150	697	0,215208034	0,3134	47,01	43,3	3	15,67	0,02	0	267,85"
"25/11/2012	Brand	174	597	0,291457286	0,269310345	46,86	41	12	3,905	0,068965517	0	2178,3"
"26/11/2012	Brand	222	1007	0,220456802	0,227972973	50,61	45	13	3,893076923	0,058558559	0	1426,3"
"27/11/2012	Brand	197	634	0,310725552	0,240609137	47,4	42	10	4,74	0,050761421	0	1171,35"
"28/11/2012	Brand	203	1292	0,157120743	0,228423645	46,37	47,2	12	3,864166667	0,0591133	0	1503,25"
"29/11/2012	Brand	184	655	0,280916031	0,24923913	45,86	47,7	14	3,275714286	0,076086957	0	2233,15"
"30/11/2012	Brand	163	593	0,274873524	0,267852761	43,66	47,8	14	3,118571429	0,085889571	0	1969,65"
"01/12/2012	Brand	117	379	0,308707124	0,378119658	44,24	44,6	16	2,765	0,136752137	0	1361,3"
"02/12/2012	Brand	122	369	0,330623306	0,362540984	44,23	41,9	8	5,52875	0,06557377	0	928,55"
"03/12/2012	Brand	147	630	0,233333333	0,333061224	48,96	42,2	8	6,12	0,054421769	0	1220,6"
"04/12/2012	Brand	181	1001	0,180819181	0,268895028	48,67	42,3	5	9,734	0,027624309	0	392,25"
"05/12/2012	Brand	186	974	0,190965092	0,259193548	48,21	39,7	8	6,02625	0,043010753	0	669,2"
"06/12/2012	Brand	155	710	0,218309859	0,304903226	47,26	39,1	7	6,751428571	0,04516129	0	767,95"
"07/12/2012	Brand	115	420	0,273809524	0,397217391	45,68	41	2	22,84	0,017391304	0	141,4"
"08/12/2012	Brand	116	594	0,195286195	0,37612069	43,63	42	2	21,815	0,017241379	0	183"
"09/12/2012	Brand	95	356	0,266853933	0,475157895	45,14	43,3	5	9,028	0,052631579	0	409,75"
"10/12/2012	Brand	123	571	0,215411559	0,405691057	49,9	40,5	8	6,2375	0,06504065	0	662,55"
"11/12/2012	Brand	124	497	0,249496982	0,397096774	49,24	42,6	10	4,924	0,080645161	0	1289,5"
"12/12/2012	Brand	128	567	0,225749559	0,3796875	48,6	42,4	6	8,1	0,046875	0	271,25"
"13/12/2012	Brand	128	639	0,200312989	0,3665625	46,92	43,1	7	6,702857143	0,0546875	0	850"
"14/12/2012	Brand	128	699	0,183118741	0,348203125	44,57	41	4	11,1425	0,03125	0	355,25"
"15/12/2012	Brand	162	1514	0,107001321	0,232777778	37,71	39,1	3	12,57	0,018518519	0	237,85"
"16/12/2012	Brand	170	1324	0,128398792	0,253470588	43,09	41,2	5	8,618	0,029411765	0	583,7"
"17/12/2012	Brand	107	442	0,242081448	0,451308411	48,29	43,3	7	6,898571429	0,065420561	0	789,65"
"18/12/2012	Brand	131	577	0,227036395	0,361908397	47,41	50	5	9,482	0,038167939	0	312,7"
"19/12/2012	Brand	156	880	0,177272727	0,296153846	46,2	44,7	3	15,4	0,019230769	0	406,95"
"20/12/2012	Brand	145	1286	0,112752722	0,313862069	45,51	44,4	4	11,3775	0,027586207	0	397,8"
"21/12/2012	Brand	125	716	0,174581006	0,30248	37,81	41,5	1	37,81	0,008	0	66,45"
"22/12/2012	Brand	109	599	0,18196995	0,373944954	40,76	45,5	2	20,38	0,018348624	0	75,85"
"23/12/2012	Brand	125	923	0,135427952	0,32688	40,86	45,8	2	20,43	0,016	0	131,3"
"24/12/2012	Brand	118	445	0,265168539	0,346355932	40,87	41,6	9	4,541111111	0,076271186	0	1045"
"25/12/2012	Brand	91	410	0,22195122	0,446483516	40,63	48,2	2	20,315	0,021978022	0	246,65"
"26/12/2012	Brand	79	216	0,365740741	0,536202532	42,36	42	6	7,06	0,075949367	0	735,3"
"27/12/2012	Brand	105	270	0,388888889	0,408857143	42,93	41,1	9	4,77	0,085714286	0	1010,65"
"28/12/2012	Brand	106	312	0,33974359	0,390283019	41,37	43	8	5,17125	0,075471698	0	1413,5"
"29/12/2012	Brand	114	401	0,284289277	0,344210526	39,24	45,1	7	5,605714286	0,061403509	0	627,5"
"30/12/2012	Brand	111	363	0,305785124	0,352792793	39,16	38,1	10	3,916	0,09009009	0	1137"
"31/12/2012	Brand	108	334	0,323353293	0,358148148	38,68	40	4	9,67	0,037037037	0	260,8"
"01/01/2013	Brand	120	550	0,218181818	0,36925	44,31	45	9	4,923333333	0,075	0	1335,8"
"02/01/2013	Brand	324	1553	0,208628461	0,346481481	112,26	43	21	5,345714286	0,064814815	0	2094,75"
"03/01/2013	Brand	391	2538	0,154058314	0,299872123	117,25	47,1	13	9,019230769	0,033248082	0	977,3"
"04/01/2013	Brand	434	2580	0,168217054	0,266152074	115,51	46	27	4,278148148	0,062211982	0	2207,8"
"05/01/2013	Brand	383	2410	0,158921162	0,261357702	100,1	47,1	22	4,55	0,057441253	0	1961,75"
"06/01/2013	Brand	388	2767	0,140224069	0,286546392	111,18	47,2	16	6,94875	0,041237113	0	1514,85"
"07/01/2013	Brand	362	2653	0,136449303	0,326850829	118,32	48	17	6,96	0,046961326	0	2081,5"
"08/01/2013	Brand	361	3046	0,118516087	0,359085873	129,63	46	18	7,201666667	0,049861496	0	1631,9"
"09/01/2013	Brand	336	2827	0,118853909	0,424136905	142,51	48,2	13	10,96230769	0,038690476	0	905,8"
"10/01/2013	Brand	338	2428	0,139209226	0,460621302	155,69	48,3	11	14,15363636	0,032544379	0	890,9"
"11/01/2013	Brand	298	2283	0,130530004	0,518993289	154,66	47,8	10	15,466	0,033557047	0	774,8"
"12/01/2013	Brand	284	2062	0,137730359	0,545739437	154,99	50,4	15	10,33266667	0,052816901	0	925,05"
"13/01/2013	Brand	290	1982	0,146316852	0,533655172	154,76	52,2	15	10,31733333	0,051724138	0	1409,1"
"14/01/2013	Brand	287	2288	0,125437063	0,565818815	162,39	52,8	15	10,826	0,052264808	0	942,1"
"15/01/2013	Brand	289	2172	0,13305709	0,557474048	161,11	52,1	9	17,90111111	0,031141869	0	779,35"
"16/01/2013	Brand	261	2221	0,117514633	0,606628352	158,33	53,2	12	13,19416667	0,045977011	0	1678,2"
"17/01/2013	Brand	252	1418	0,177715092	0,624444444	157,36	52	8	19,67	0,031746032	0	347,35"
"18/01/2013	Brand	250	1997	0,125187782	0,61272	153,18	53,8	15	10,212	0,06	0	1368,8"
"19/01/2013	Brand	260	2341	0,111063648	0,583961538	151,83	51	6	25,305	0,023076923	0	464,95"
"20/01/2013	Brand	279	2296	0,121515679	0,550860215	153,69	50,5	19	8,088947368	0,068100358	0	1937,15"
"21/01/2013	Brand	267	1764	0,151360544	0,586779026	156,67	54,4	15	10,44466667	0,056179775	0	1371,3"
"22/01/2013	Brand	255	2182	0,116865261	0,593176471	151,26	50,6	10	15,126	0,039215686	0	684,55"
"23/01/2013	Brand	278	2398	0,115929942	0,560863309	155,92	49,8	9	17,32444444	0,032374101	0	769,15"
"24/01/2013	Brand	245	2106	0,116334283	0,634530612	155,46	52,9	8	19,4325	0,032653061	0	709,6"
"25/01/2013	Brand	228	2422	0,094137077	0,239254386	54,55	48	6	9,091666667	0,026315789	0	437,35"
"26/01/2013	Brand	243	2614	0,092960979	0,242386831	58,9	47,2	9	6,544444444	0,037037037	0	1028,55"
"27/01/2013	Brand	337	3216	0,104788557	0,257418398	86,75	48,1	9	9,638888889	0,026706231	0	853"
"28/01/2013	Brand	313	2640	0,118560606	0,22884984	71,63	48	16	4,476875	0,051118211	0	1337,35"
"29/01/2013	Brand	279	2651	0,105243304	0,230286738	64,25	48	10	6,425	0,035842294	0	599,35"
"30/01/2013	Brand	317	3074	0,103122967	0,245741325	77,9	47,1	13	5,992307692	0,041009464	0	1329,95"
"31/01/2013	Brand	62	865	0,071676301	0,261612903	16,22	27	1	16,22	0,016129032	0	20,45"
"01/02/2013	Brand	156	1410	0,110638298	0,25224359	39,35	18	7	5,621428571	0,044871795	0	325,15"
"02/02/2013	Brand	225	2640	0,085227273	0,237022222	53,33	48,3	3	17,77666667	0,013333333	0	117,55"
"03/02/2013	Brand	302	2852	0,105890603	0,254072848	76,73	47,3	9	8,525555556	0,029801325	0	675,9"
"04/02/2013	Brand	250	2662	0,09391435	0,24672	61,68	47,2	5	12,336	0,02	0	213,55"
"05/02/2013	Brand	255	2654	0,096081387	0,212784314	54,26	48,6	11	4,932727273	0,043137255	0	915,55"
"06/02/2013	Brand	241	2913	0,082732578	0,238215768	57,41	47	12	4,784166667	0,049792531	0	1138,15"
"07/02/2013	Brand	218	2753	0,079186342	0,149082569	32,5	47,1	6	5,416666667	0,027522936	0	1284,4"
"08/02/2013	Brand	236	2357	0,10012728	0,196567797	46,39	47,1	17	2,728823529	0,072033898	0	1279,75"
"09/02/2013	Brand	266	2617	0,101643103	0,204210526	54,32	46	18	3,017777778	0,067669173	0	1624,3"
"10/02/2013	Brand	306	2903	0,105408198	0,20120915	61,57	47	16	3,848125	0,052287582	0	1699,05"
"11/02/2013	Brand	266	2984	0,089142091	0,18056391	48,03	48,1	15	3,202	0,056390977	0	1243,35"
"12/02/2013	Brand	208	2379	0,087431694	0,191490385	39,83	48,4	8	4,97875	0,038461538	0	984,4"
"13/02/2013	Brand	238	2901	0,082040676	0,191680672	45,62	47	7	6,517142857	0,029411765	0	625,85"
"14/02/2013	Brand	173	2333	0,07415345	0,205375723	35,53	47	6	5,921666667	0,034682081	0	523,05"
"15/02/2013	Brand	217	2208	0,098278986	0,208986175	45,35	46	6	7,558333333	0,02764977	0	488,25"
"16/02/2013	Brand	199	2904	0,068526171	0,169246231	33,68	47,1	6	5,613333333	0,030150754	0	638,9"
"17/02/2013	Brand	232	2762	0,083997104	0,141077586	32,73	46	11	2,975454545	0,047413793	0	731,45"
"18/02/2013	Brand	220	2942	0,074779062	0,1645	36,19	48,1	8	4,52375	0,036363636	0	845,65"
"19/02/2013	Brand	195	2603	0,074913561	0,160461538	31,29	48	16	1,955625	0,082051282	0	1895,2"
"20/02/2013	Brand	194	2545	0,076227898	0,146340206	28,39	48,3	4	7,0975	0,020618557	0	127,6"
"21/02/2013	Brand	209	2561	0,081608747	0,15507177	32,41	48	8	4,05125	0,038277512	0	707,55"
"22/02/2013	Brand	186	2288	0,081293706	0,154784946	28,79	46	10	2,879	0,053763441	0	806,6"
"23/02/2013	Brand	223	2972	0,075033647	0,195964126	43,7	48,2	10	4,37	0,044843049	0	590,9"
"24/02/2013	Brand	264	3227	0,08180973	0,173333333	45,76	46	7	6,537142857	0,026515152	0	599"
"25/02/2013	Brand	262	3446	0,07603018	0,158740458	41,59	47	8	5,19875	0,030534351	0	1516,7"
"26/02/2013	Brand	235	2946	0,079769179	0,159829787	37,56	47	8	4,695	0,034042553	0	1386,49"
"27/02/2013	Brand	224	2799	0,080028582	0,1659375	37,17	48	4	9,2925	0,017857143	0	596,55"
"28/02/2013	Brand	187	2543	0,073535195	0,138235294	25,85	46,1	2	12,925	0,010695187	0	127,7"
"01/03/2013	Brand	212	2593	0,081758581	0,144386792	30,61	48,4	7	4,372857143	0,033018868	0	1025,9"
"02/03/2013	Brand	232	2932	0,079126876	0,169655172	39,36	48,8	6	6,56	0,025862069	0	586,2"
"03/03/2013	Brand	227	3280	0,069207317	0,152290749	34,57	48,2	7	4,938571429	0,030837004	0	1165,15"
"04/03/2013	Brand	224	2912	0,076923077	0,157991071	35,39	48,3	4	8,8475	0,017857143	0	730,87"
"05/03/2013	Brand	219	2758	0,079405366	0,166894977	36,55	49,8	9	4,061111111	0,04109589	0	1408,12"
"06/03/2013	Brand	187	2619	0,071401298	0,17171123	32,11	46,6	4	8,0275	0,021390374	0	277,8"
"07/03/2013	Brand	251	3261	0,076970255	0,18685259	46,9	47,1	6	7,816666667	0,023904382	0	532,25"
"08/03/2013	Brand	207	2548	0,081240188	0,247874396	51,31	47,2	3	17,10333333	0,014492754	0	630,85"
"09/03/2013	Brand	157	2263	0,069376933	0,324267516	50,91	50,6	6	8,485	0,038216561	0	451,6"
"10/03/2013	Brand	217	2992	0,072526738	0,234470046	50,88	51,8	11	4,625454545	0,050691244	0	1160,45"
"11/03/2013	Brand	182	2592	0,070216049	0,304230769	55,37	44,3	5	11,074	0,027472527	0	313,87"
"12/03/2013	Brand	154	1907	0,080755113	0,350974026	54,05	45,4	3	18,01666667	0,019480519	0	538,35"
"13/03/2013	Brand	124	1553	0,07984546	0,426693548	52,91	44,1	6	8,818333333	0,048387097	0	480,45"
"14/03/2013	Brand	141	2195	0,064236902	0,373120567	52,61	49,7	4	13,1525	0,028368794	0	843,3"
"15/03/2013	Brand	86	712	0,120786517	0,584186047	50,24	52,4	5	10,048	0,058139535	0	568,32"
"16/03/2013	Brand	134	1137	0,117854002	0,381567164	51,13	48,3	3	17,04333333	0,02238806	0	683,3"
"17/03/2013	Brand	138	1449	0,095238095	0,362391304	50,01	43,2	1	50,01	0,007246377	0	90,45"
"18/03/2013	Brand	90	501	0,179640719	0,589555556	53,06	48,7	7	7,58	0,077777778	0	763,3"
"19/03/2013	Brand	97	503	0,192842942	0,54185567	52,56	47,5	0	0	0	0	0"
"20/03/2013	Brand	89	465	0,191397849	0,598539326	53,27	55,5	3	17,75666667	0,033707865	0	786,17"
"21/03/2013	Brand	82	554	0,14801444	0,640243902	52,5	44,8	5	10,5	0,06097561	0	1129,75"
"22/03/2013	Brand	71	461	0,154013015	0,702816901	49,9	52,7	4	12,475	0,056338028	0	242,85"
"23/03/2013	Brand	66	317	0,208201893	0,751515152	49,6	48,3	1	49,6	0,015151515	0	148,45"
"24/03/2013	Brand	61	334	0,182634731	0,80295082	48,98	48	1	48,98	0,016393443	0	49,95"
"25/03/2013	Brand	72	488	0,147540984	0,741527778	53,39	49,4	3	17,79666667	0,041666667	0	202,35"
"26/03/2013	Brand	66	329	0,200607903	0,792424242	52,3	43,3	4	13,075	0,060606061	0	252,7"
"27/03/2013	Brand	71	387	0,183462532	0,713239437	50,64	55,8	3	16,88	0,042253521	0	258,4"
"28/03/2013	Brand	68	458	0,148471616	0,722941176	49,16	48,3	4	12,29	0,058823529	0	497,85"
"29/03/2013	Brand	64	287	0,222996516	0,7465625	47,78	51,1	1	47,78	0,015625	0	75,95"
"30/03/2013	Brand	64	387	0,165374677	0,70109375	44,87	48,1	3	14,95666667	0,046875	0	248,3"
"31/03/2013	Brand	59	314	0,187898089	0,738135593	43,55	57,7	1	43,55	0,016949153	0	35,95"
"01/04/2013	Brand	66	258	0,255813953	0,815151515	53,8	44,1	0	0	0	0	0"
"02/04/2013	Brand	67	570	0,11754386	0,795373134	53,29	49,9	3	17,76333333	0,044776119	0	318,35"
"03/04/2013	Brand	71	348	0,204022989	0,741830986	52,67	49,3	3	17,55666667	0,042253521	0	650,1"
"04/04/2013	Brand	67	385	0,174025974	0,781343284	52,35	50,6	6	8,725	0,089552239	0	434,7"
"05/04/2013	Brand	67	442	0,15158371	0,750597015	50,29	51,8	2	25,145	0,029850746	0	95,4"
"06/04/2013	Brand	65	369	0,176151762	0,779384615	50,66	47,3	2	25,33	0,030769231	0	163,9"
"07/04/2013	Brand	65	416	0,15625	0,778769231	50,62	52,8	2	25,31	0,030769231	0	157,9"
"08/04/2013	Brand	74	350	0,211428571	0,713918919	52,83	46,7	6	8,805	0,081081081	0	436,2"
"09/04/2013	Brand	141	818	0,172371638	0,749432624	105,67	49,3	2	52,835	0,014184397	0	265,9"
"10/04/2013	Brand	159	985	0,16142132	0,654591195	104,08	55,7	6	17,34666667	0,037735849	0	459,2"
"11/04/2013	Brand	130	683	0,19033675	0,783461538	101,85	50,9	6	16,975	0,046153846	0	984,7"
"12/04/2013	Brand	122	691	0,176555716	0,815901639	99,54	52,5	5	19,908	0,040983607	0	1229,7"
"13/04/2013	Brand	125	482	0,2593361	0,794	99,25	49,5	5	19,85	0,04	0	448,25"
"14/04/2013	Brand	131	830	0,157831325	0,762061069	99,83	51,7	3	33,27666667	0,022900763	0	467,8"
"15/04/2013	Brand	143	1028	0,139105058	0,734125874	104,98	54,3	6	17,49666667	0,041958042	0	1045,6"
"16/04/2013	Brand	135	707	0,190947666	0,761925926	102,86	53,5	8	12,8575	0,059259259	0	809,1"
"17/04/2013	Brand	140	852	0,164319249	0,728785714	102,03	51,1	3	34,01	0,021428571	0	546,3"
"18/04/2013	Brand	148	1024	0,14453125	0,678243243	100,38	50,3	4	25,095	0,027027027	0	203,8"
"19/04/2013	Brand	144	599	0,240400668	0,684236111	98,53	51,6	5	19,706	0,034722222	0	534,75"
"20/04/2013	Brand	131	938	0,139658849	0,755648855	98,99	50,9	8	12,37375	0,061068702	0	1798,6"
"21/04/2013	Brand	139	856	0,162383178	0,713956835	99,24	53,1	4	24,81	0,028776978	0	279,8"
"22/04/2013	Brand	138	764	0,180628272	0,750797101	103,61	51,5	9	11,51222222	0,065217391	0	973"
"23/04/2013	Brand	139	626	0,222044728	0,730647482	101,56	52	7	14,50857143	0,050359712	0	754,2"
"24/04/2013	Brand	136	676	0,201183432	0,736470588	100,16	47,7	8	12,52	0,058823529	0	767,6"
"25/04/2013	Brand	146	815	0,179141104	0,680616438	99,37	45,7	9	11,04111111	0,061643836	0	845,1"
"26/04/2013	Brand	140	738	0,189701897	0,684071429	95,77	51,9	3	31,92333333	0,021428571	0	487,3"
"27/04/2013	Brand	135	544	0,248161765	0,711851852	96,1	53,9	4	24,025	0,02962963	0	703,85"
"28/04/2013	Brand	147	544	0,270220588	0,654829932	96,26	47,5	6	16,04333333	0,040816327	0	637,25"
"29/04/2013	Brand	141	989	0,142568251	0,680921986	96,01	51,6	4	24,0025	0,028368794	0	325,8"
"30/04/2013	Brand	120	858	0,13986014	0,781833333	93,82	53,1	10	9,382	0,083333333	0	1281,95"
"01/05/2013	Brand	147	1001	0,146853147	0,696870748	102,44	52,9	4	25,61	0,027210884	0	451,35"
"02/05/2013	Brand	138	1088	0,126838235	0,73384058	101,27	51,1	8	12,65875	0,057971014	0	1419,55"
"03/05/2013	Brand	127	871	0,145809414	0,775354331	98,47	53	3	32,82333333	0,023622047	0	163,85"
"04/05/2013	Brand	135	900	0,15	0,725703704	97,97	56,7	3	32,65666667	0,022222222	0	241,85"
"05/05/2013	Brand	142	1023	0,138807429	0,692323944	98,31	58	4	24,5775	0,028169014	0	523,3"
"06/05/2013	Brand	139	795	0,174842767	0,753381295	104,72	56,5	6	17,45333333	0,043165468	0	591,2"
"07/05/2013	Brand	148	1154	0,128249567	0,691351351	102,32	57,2	4	25,58	0,027027027	0	513,75"
"08/05/2013	Brand	166	1256	0,132165605	0,500120482	83,02	53,3	5	16,604	0,030120482	0	749,2"
"09/05/2013	Brand	223	2359	0,094531581	0,266053812	59,33	46,6	5	11,866	0,022421525	0	572,75"
"10/05/2013	Brand	231	2014	0,11469712	0,277965368	64,21	47,3	8	8,02625	0,034632035	0	585,7"
"11/05/2013	Brand	213	2396	0,088898164	0,241032864	51,34	47,5	6	8,556666667	0,028169014	0	465,7"
"12/05/2013	Brand	270	3183	0,084825636	0,259444444	70,05	50,1	8	8,75625	0,02962963	0	717,1"
"13/05/2013	Brand	280	2611	0,107238606	0,209857143	58,76	48,8	8	7,345	0,028571429	0	929,65"
"14/05/2013	Brand	270	2940	0,091836735	0,196111111	52,95	48,2	18	2,941666667	0,066666667	0	1743,4"
"15/05/2013	Brand	287	3015	0,095190713	0,164320557	47,16	46	9	5,24	0,031358885	0	920,95"
"16/05/2013	Brand	245	2564	0,095553822	0,153836735	37,69	46,1	10	3,769	0,040816327	0	838,05"
"17/05/2013	Brand	211	2728	0,077346041	0,156445498	33,01	48	5	6,602	0,023696682	0	603,25"
"18/05/2013	Brand	194	2479	0,078257362	0,31685567	61,47	48	5	12,294	0,025773196	0	648,7"
"19/05/2013	Brand	208	3243	0,064138144	0,296538462	61,68	48,1	7	8,811428571	0,033653846	0	654,6"
"20/05/2013	Brand	246	2917	0,084333219	0,296747967	73	48	6	12,16666667	0,024390244	0	757,7"
"21/05/2013	Brand	220	2486	0,088495575	0,299772727	65,95	45	6	10,99166667	0,027272727	0	487,2"
"22/05/2013	Brand	222	2610	0,085057471	0,292072072	64,84	38	9	7,204444444	0,040540541	0	1141,85"
"23/05/2013	Brand	179	2526	0,070863025	0,272067039	48,7	24	4	12,175	0,022346369	0	825,25"
"24/05/2013	Brand	209	2545	0,082121807	0,2984689	62,38	24,2	5	12,476	0,023923445	0	441,25"
"25/05/2013	Brand	179	2047	0,087445042	0,337932961	60,49	24	4	15,1225	0,022346369	0	446,75"
"26/05/2013	Brand	181	2149	0,084225221	0,307237569	55,61	24,1	7	7,944285714	0,038674033	0	821,15"
"27/05/2013	Brand	222	2805	0,079144385	0,298828829	66,34	24	8	8,2925	0,036036036	0	968,9"
"28/05/2013	Brand	239	2773	0,086188244	0,292845188	69,99	24	9	7,776666667	0,037656904	0	1351,6"
"29/05/2013	Brand	244	2873	0,084928646	0,317991803	77,59	24,1	6	12,93166667	0,024590164	0	791,4"
"30/05/2013	Brand	212	2594	0,081727062	0,324528302	68,8	24	4	17,2	0,018867925	0	541,35"
"31/05/2013	Brand	171	2112	0,080965909	0,312046784	53,36	24	6	8,893333333	0,035087719	0	628,65"
"01/06/2013	Brand	161	1954	0,082395087	0,320745342	51,64	24	5	10,328	0,031055901	0	731,55"
"02/06/2013	Brand	204	2274	0,089709763	0,353088235	72,03	24,1	5	14,406	0,024509804	0	342,8"
"03/06/2013	Brand	200	2393	0,0835771	0,28435	56,87	23	10	5,687	0,05	0	1364,15"
"04/06/2013	Brand	216	2458	0,087876322	0,312407407	67,48	24	15	4,498666667	0,069444444	0	1753,65"
"05/06/2013	Brand	233	2591	0,089926669	0,302060086	70,38	24	12	5,865	0,051502146	0	1077,2"
"06/06/2013	Brand	246	2494	0,098636728	0,294390244	72,42	24	20	3,621	0,081300813	0	2693,65"
"07/06/2013	Brand	239	2186	0,109332113	0,264853556	63,3	24	9	7,033333333	0,037656904	0	733,5"
"08/06/2013	Brand	177	1969	0,089893347	0,260282486	46,07	24,1	9	5,118888889	0,050847458	0	1218,7"
"09/06/2013	Brand	223	2599	0,085802232	0,259237668	57,81	24,1	14	4,129285714	0,062780269	0	1384,3"
"10/06/2013	Brand	218	2422	0,090008258	0,257385321	56,11	24	7	8,015714286	0,032110092	0	578,65"
"11/06/2013	Brand	206	2492	0,082664526	0,278495146	57,37	24	7	8,195714286	0,033980583	0	1004,1"
"12/06/2013	Brand	214	2565	0,083430799	0,185186916	39,63	24	12	3,3025	0,056074766	0	1106,85"
"13/06/2013	Brand	263	2664	0,098723724	0,154752852	40,7	23	11	3,7	0,041825095	0	1183,15"
"14/06/2013	Brand	199	2427	0,081994232	0,167386935	33,31	24	3	11,10333333	0,015075377	0	229,95"
"15/06/2013	Brand	177	2274	0,077836412	0,187853107	33,25	24	1	33,25	0,005649718	0	159,75"
"16/06/2013	Brand	243	2979	0,081570997	0,224403292	54,53	24	3	18,17666667	0,012345679	0	234,45"
"17/06/2013	Brand	240	2720	0,088235294	0,301875	72,45	24,2	5	14,49	0,020833333	0	804,7"
"18/06/2013	Brand	220	2450	0,089795918	0,381818182	84	24,1	8	10,5	0,036363636	0	749,2"
"19/06/2013	Brand	216	2292	0,094240838	0,388472222	83,91	25,7	5	16,782	0,023148148	0	295,35"
"20/06/2013	Brand	230	1687	0,136336692	0,365086957	83,97	25,1	15	5,598	0,065217391	0	2117,2"
"21/06/2013	Brand	253	2172	0,116482505	0,33173913	83,93	25,6	16	5,245625	0,063241107	0	1535,05"
"22/06/2013	Brand	267	1994	0,133901705	0,314456929	83,96	24,1	12	6,996666667	0,04494382	0	1164,3"
"23/06/2013	Brand	306	1826	0,167579409	0,274444444	83,98	24,3	14	5,998571429	0,045751634	0	1304,85"
"24/06/2013	Brand	303	2519	0,120285828	0,259141914	78,52	24,2	11	7,138181818	0,03630363	0	844,6"
"25/06/2013	Brand	305	2373	0,128529288	0,261967213	79,9	22,2	17	4,7	0,055737705	0	1839,8"
"26/06/2013	Brand	285	2131	0,133740028	0,235333333	67,07	24	10	6,707	0,035087719	0	1041,7"
"27/06/2013	Brand	315	2460	0,12804878	0,235650794	74,23	24	15	4,948666667	0,047619048	0	913,1"
"28/06/2013	Brand	306	2673	0,114478114	0,219019608	67,02	24	17	3,942352941	0,055555556	0	1608,5"
"29/06/2013	Brand	265	2142	0,123716153	0,220113208	58,33	24,2	15	3,888666667	0,056603774	0	1145,1"
"30/06/2013	Brand	270	2242	0,120428189	0,178259259	48,13	24	9	5,347777778	0,033333333	0	853"
"01/07/2013	Brand	349	2425	0,143917526	0,192005731	67,01	24	10	6,701	0,028653295	0	739,25"
"02/07/2013	Brand	301	2508	0,120015949	0,182524917	54,94	24	15	3,662666667	0,049833887	0	1338,7"
"03/07/2013	Brand	290	2304	0,125868056	0,180758621	52,42	23,1	8	6,5525	0,027586207	0	791,2"
"04/07/2013	Brand	250	2079	0,12025012	0,17776	44,44	24,1	7	6,348571429	0,028	0	593,8"
"05/07/2013	Brand	232	2266	0,102383054	0,194051724	45,02	24	5	9,004	0,021551724	0	368,8"
"06/07/2013	Brand	230	1825	0,126027397	0,177565217	40,84	24,2	16	2,5525	0,069565217	0	1066,95"
"07/07/2013	Brand	243	2187	0,111111111	0,207160494	50,34	24	8	6,2925	0,032921811	0	574,6"
"08/07/2013	Brand	263	2138	0,123012161	0,225095057	59,2	24	9	6,577777778	0,034220532	0	729,2"
"09/07/2013	Brand	296	2138	0,138447147	0,204831081	60,63	24	9	6,736666667	0,030405405	0	660,6"
"10/07/2013	Brand	283	2066	0,136979671	0,196113074	55,5	24	6	9,25	0,021201413	0	273"
"11/07/2013	Brand	246	2106	0,116809117	0,178902439	44,01	24,2	17	2,588823529	0,069105691	0	1253,55"
"12/07/2013	Brand	201	2007	0,100149477	0,202238806	40,65	24,1	8	5,08125	0,039800995	0	636"
"13/07/2013	Brand	212	1527	0,138834316	0,198915094	42,17	24,1	4	10,5425	0,018867925	0	274,4"
"14/07/2013	Brand	280	1842	0,152008686	0,196428571	55	24	10	5,5	0,035714286	0	1114,1"
"15/07/2013	Brand	293	2395	0,122338205	0,216109215	63,32	24,1	12	5,276666667	0,040955631	0	1010,25"
"16/07/2013	Brand	305	2016	0,151289683	0,213409836	65,09	24	11	5,917272727	0,036065574	0	826,5"
"17/07/2013	Brand	251	1998	0,125625626	0,195737052	49,13	24,1	9	5,458888889	0,035856574	0	626,1"
"18/07/2013	Brand	253	1804	0,140243902	0,193557312	48,97	24	6	8,161666667	0,023715415	0	235,2"
"19/07/2013	Brand	232	1956	0,118609407	0,184655172	42,84	24	12	3,57	0,051724138	0	668,65"
"20/07/2013	Brand	247	1853	0,133297356	0,210121457	51,9	24,1	5	10,38	0,020242915	0	537,2"
"21/07/2013	Brand	257	1907	0,134766649	0,19077821	49,03	24	5	9,806	0,019455253	0	438,8"
"22/07/2013	Brand	233	1828	0,127461707	0,170815451	39,8	24	10	3,98	0,042918455	0	776,7"
"23/07/2013	Brand	254	2070	0,122705314	0,218582677	55,52	24	14	3,965714286	0,05511811	0	1940,9"
"24/07/2013	Brand	232	1970	0,117766497	0,191982759	44,54	24	5	8,908	0,021551724	0	326,1"
"25/07/2013	Brand	272	2232	0,121863799	0,225588235	61,36	24	14	4,382857143	0,051470588	0	1529,1"
"26/07/2013	Brand	238	1907	0,124803356	0,176134454	41,92	24,1	7	5,988571429	0,029411765	0	433,8"
"27/07/2013	Brand	222	1772	0,125282167	0,206171171	45,77	24	10	4,577	0,045045045	0	835,25"
"28/07/2013	Brand	320	2432	0,131578947	0,18628125	59,61	24	11	5,419090909	0,034375	0	877,5"
"29/07/2013	Brand	317	2552	0,124216301	0,210914826	66,86	24,1	9	7,428888889	0,028391167	0	1222,25"
"30/07/2013	Brand	325	2782	0,11682243	0,216984615	70,52	24	11	6,410909091	0,033846154	0	975,45"
"31/07/2013	Brand	302	2490	0,121285141	0,198245033	59,87	24	7	8,552857143	0,023178808	0	588,05"
"01/08/2013	Brand	221	2218	0,099639315	0,177737557	39,28	24	7	5,611428571	0,031674208	0	739,05"
"02/08/2013	Brand	231	2083	0,110897744	0,19034632	43,97	24	9	4,885555556	0,038961039	0	627,3"
"03/08/2013	Brand	216	1803	0,119800333	0,226296296	48,88	24,1	12	4,073333333	0,055555556	0	1324,35"
"04/08/2013	Brand	211	2105	0,10023753	0,185308057	39,1	24	11	3,554545455	0,052132701	0	791,25"
"05/08/2013	Brand	271	2187	0,123914037	0,229630996	62,23	23,1	11	5,657272727	0,040590406	0	1209,65"
"06/08/2013	Brand	264	2076	0,12716763	0,233636364	61,68	24	8	7,71	0,03030303	0	978,75"
"07/08/2013	Brand	252	1680	0,15	0,302380952	76,2	22	4	19,05	0,015873016	0	215,65"
"08/08/2013	Brand	283	2117	0,133679735	0,264982332	74,99	24	12	6,249166667	0,042402827	0	980,45"
"09/08/2013	Brand	286	1915	0,149347258	0,246153846	70,4	24,2	9	7,822222222	0,031468531	0	798,2"
"10/08/2013	Brand	242	1945	0,124421594	0,255950413	61,94	24	11	5,630909091	0,045454545	0	762,45"
"11/08/2013	Brand	287	1471	0,19510537	0,254843206	73,14	24	7	10,44857143	0,024390244	0	561,9"
"12/08/2013	Brand	260	1062	0,244821092	0,284692308	74,02	20,1	5	14,804	0,019230769	0	725,45"
"13/08/2013	Brand	163	520	0,313461538	0,322883436	52,63	22	2	26,315	0,012269939	0	349,6"
"14/08/2013	Brand	105	389	0,269922879	0,300380952	31,54	23	8	3,9425	0,076190476	0	909,9"
"15/08/2013	Brand	97	315	0,307936508	0,319896907	31,03	21,1	4	7,7575	0,041237113	0	312,55"
"16/08/2013	Brand	89	307	0,28990228	0,336853933	29,98	21,1	2	14,99	0,02247191	0	190,4"
"17/08/2013	Brand	106	356	0,297752809	0,281603774	29,85	19	6	4,975	0,056603774	0	649,05"
"18/08/2013	Brand	93	261	0,356321839	0,320322581	29,79	20,2	4	7,4475	0,043010753	0	230,3"
"19/08/2013	Brand	88	297	0,296296296	0,361136364	31,78	22	8	3,9725	0,090909091	0	848,1"
"20/08/2013	Brand	102	337	0,302670623	0,30627451	31,24	24,4	2	15,62	0,019607843	0	178,4"
"21/08/2013	Brand	83	350	0,237142857	0,318554217	26,44	21	2	13,22	0,024096386	0	251,9"
"22/08/2013	Brand	91	287	0,317073171	0,288791209	26,28	20	2	13,14	0,021978022	0	81,6"
"23/08/2013	Brand	80	376	0,212765957	0,30925	24,74	20,1	6	4,123333333	0,075	0	308"
"24/08/2013	Brand	92	268	0,343283582	0,27423913	25,23	23,2	5	5,046	0,054347826	0	401,3"
"25/08/2013	Brand	88	335	0,262686567	0,288068182	25,35	24	6	4,225	0,068181818	0	885,5"
"26/08/2013	Brand	83	278	0,298561151	0,310722892	25,79	21	2	12,895	0,024096386	0	106,5"
"27/08/2013	Brand	81	312	0,259615385	0,314444444	25,47	23,1	4	6,3675	0,049382716	0	304,8"
"28/08/2013	Brand	89	269	0,330855019	0,283483146	25,23	21	1	25,23	0,011235955	0	154,9"
"29/08/2013	Brand	84	348	0,24137931	0,296785714	24,93	22	2	12,465	0,023809524	0	359,4"
"30/08/2013	Brand	71	269	0,26394052	0,336619718	23,9	22,1	1	23,9	0,014084507	0	296,45"
"31/08/2013	Brand	61	214	0,285046729	0,354590164	21,63	25,5	3	7,21	0,049180328	0	651,25"
"01/09/2013	Brand	81	245	0,330612245	0,321234568	26,02	24	0	0	0	0	0"
"02/09/2013	Brand	171	1235	0,138461538	0,43122807	73,74	24,1	5	14,748	0,029239766	0	742,75"
"03/09/2013	Brand	250	1537	0,162654522	0,42336	105,84	23	13	8,141538462	0,052	0	1400,25"
"04/09/2013	Brand	261	1973	0,132285859	0,379195402	98,97	24	7	14,13857143	0,026819923	0	628,25"
"05/09/2013	Brand	261	1873	0,139348639	0,380038314	99,19	24	4	24,7975	0,01532567	0	682,25"
"06/09/2013	Brand	266	1654	0,160822249	0,378796992	100,76	24	9	11,19555556	0,033834586	0	1643,5"
"07/09/2013	Brand	282	2044	0,137964775	0,359432624	101,36	23	5	20,272	0,017730496	0	494,2"
"08/09/2013	Brand	295	2114	0,139545885	0,343186441	101,24	23,1	10	10,124	0,033898305	0	1152,45"
"09/09/2013	Brand	281	1537	0,182823682	0,378825623	106,45	24,4	7	15,20714286	0,024911032	0	1881,2"
"10/09/2013	Brand	285	1052	0,270912548	0,367719298	104,8	22	11	9,527272727	0,038596491	0	1189,45"
"11/09/2013	Brand	277	1401	0,197715917	0,376425993	104,27	24,1	5	20,854	0,018050542	0	544,25"
"12/09/2013	Brand	276	1370	0,201459854	0,38865942	107,27	23,1	9	11,91888889	0,032608696	0	787,55"
"13/09/2013	Brand	260	1201	0,216486261	0,384153846	99,88	22	6	16,64666667	0,023076923	0	816,2"
"14/09/2013	Brand	293	1325	0,221132075	0,340853242	99,87	23	10	9,987	0,034129693	0	927,5"
"15/09/2013	Brand	323	1849	0,174689021	0,309597523	100	23,1	18	5,555555556	0,055727554	0	3265,12"
"16/09/2013	Brand	367	1665	0,22042042	0,290490463	106,61	22,1	17	6,271176471	0,046321526	0	2052,5"
"17/09/2013	Brand	362	1801	0,200999445	0,287762431	104,17	24,3	17	6,127647059	0,046961326	0	2107,09"
"18/09/2013	Brand	331	1978	0,167340748	0,315679758	104,49	23	8	13,06125	0,024169184	0	468,1"
"19/09/2013	Brand	314	2097	0,149737721	0,322898089	101,39	21,5	10	10,139	0,031847134	0	978,25"
"20/09/2013	Brand	286	1739	0,164462335	0,29986014	85,76	21,2	7	12,25142857	0,024475524	0	1054,85"
"21/09/2013	Brand	295	1806	0,163344408	0,332881356	98,2	24	17	5,776470588	0,057627119	0	1903,15"
"22/09/2013	Brand	296	2266	0,130626655	0,336621622	99,64	24,4	10	9,964	0,033783784	0	1439,5"
"23/09/2013	Brand	309	2330	0,132618026	0,323559871	99,98	23,3	10	9,998	0,03236246	0	1276,45"
"24/09/2013	Brand	284	2304	0,123263889	0,372922535	105,91	22,3	13	8,146923077	0,045774648	0	2866,65"
"25/09/2013	Brand	284	2239	0,12684234	0,219049296	62,21	24,4	9	6,912222222	0,031690141	0	1129,6"
"26/09/2013	Brand	277	2200	0,125909091	0,216750903	60,04	24	8	7,505	0,028880866	0	751,1"
"27/09/2013	Brand	243	1860	0,130645161	0,30127572	73,21	24	10	7,321	0,041152263	0	1314,15"
"28/09/2013	Brand	254	2060	0,123300971	0,191574803	48,66	22	4	12,165	0,015748031	0	496,2"
"29/09/2013	Brand	288	2716	0,106038292	0,246041667	70,86	24	6	11,81	0,020833333	0	613"
"30/09/2013	Brand	313	2128	0,147086466	0,331469649	103,75	24	10	10,375	0,031948882	0	1345,45"
"01/10/2013	Brand	304	2297	0,132346539	0,211546053	64,31	24,1	10	6,431	0,032894737	0	961,62"
"02/10/2013	Brand	436	2760	0,157971014	0,230137615	100,34	24	20	5,017	0,04587156	0	2381,25"
"03/10/2013	Brand	356	2156	0,165120594	0,257865169	91,8	24	9	10,2	0,025280899	0	1105,35"
"04/10/2013	Brand	263	2126	0,123706491	0,230988593	60,75	24	14	4,339285714	0,053231939	0	1493,65"
"05/10/2013	Brand	231	1938	0,119195046	0,237835498	54,94	24,1	6	9,156666667	0,025974026	0	792,05"
"06/10/2013	Brand	313	2304	0,135850694	0,233833866	73,19	23,1	10	7,319	0,031948882	0	753,35"
"07/10/2013	Brand	283	2433	0,116317304	0,311908127	88,27	24	14	6,305	0,049469965	0	1675,3"
"08/10/2013	Brand	292	2084	0,140115163	0,307363014	89,75	24,2	8	11,21875	0,02739726	0	1168,72"
"09/10/2013	Brand	309	1605	0,192523364	0,350485437	108,3	24	11	9,845454545	0,035598706	0	1748,76"
"10/10/2013	Brand	353	2034	0,173549656	0,303342776	107,08	24,2	8	13,385	0,02266289	0	547,59"
"11/10/2013	Brand	301	1882	0,159936238	0,348637874	104,94	23,2	12	8,745	0,03986711	0	1654,95"
"12/10/2013	Brand	328	2454	0,133659332	0,31972561	104,87	24,2	10	10,487	0,030487805	0	1144,12"
"13/10/2013	Brand	319	2473	0,128993126	0,328181818	104,69	24	8	13,08625	0,02507837	0	828,42"
"14/10/2013	Brand	252	1464	0,172131148	0,435714286	109,8	24,1	14	7,842857143	0,055555556	0	1667,25"
"15/10/2013	Brand	309	1775	0,174084507	0,300841424	92,96	24,1	11	8,450909091	0,035598706	0	1418,15"
"16/10/2013	Brand	333	2318	0,143658326	0,230630631	76,8	22	9	8,533333333	0,027027027	0	965,05"
"17/10/2013	Brand	280	2029	0,137999014	0,175642857	49,18	24	6	8,196666667	0,021428571	0	2018,2"
"18/10/2013	Brand	256	1784	0,143497758	0,180976563	46,33	23,1	12	3,860833333	0,046875	0	977,77"
"19/10/2013	Brand	284	2550	0,111372549	0,252288732	71,65	24,1	8	8,95625	0,028169014	0	2923,95"
"20/10/2013	Brand	401	2737	0,146510778	0,280598504	112,52	24	9	12,50222222	0,02244389	0	981"
"21/10/2013	Brand	344	2379	0,144598571	0,254767442	87,64	24,1	11	7,967272727	0,031976744	0	2061,45"
"22/10/2013	Brand	249	2239	0,111210362	0,271566265	67,62	24,2	8	8,4525	0,032128514	0	649,6"
"23/10/2013	Brand	323	2412	0,133913765	0,245510836	79,3	23,1	11	7,209090909	0,034055728	0	2106,35"
"24/10/2013	Brand	251	1680	0,149404762	0,220796813	55,42	23	9	6,157777778	0,035856574	0	1444,95"
"25/10/2013	Brand	247	2014	0,122641509	0,161093117	39,79	24	10	3,979	0,04048583	0	1612"
"26/10/2013	Brand	237	1936	0,122417355	0,152109705	36,05	24	2	18,025	0,008438819	0	104,9"
"27/10/2013	Brand	303	2303	0,131567521	0,172706271	52,33	24,1	4	13,0825	0,01320132	0	229,15"
"28/10/2013	Brand	317	2399	0,132138391	0,221230284	70,13	24,3	11	6,375454545	0,034700315	0	958,9"
"29/10/2013	Brand	331	2046	0,161779081	0,344169184	113,92	24,1	7	16,27428571	0,021148036	0	1322,15"
"30/10/2013	Brand	355	1909	0,185961236	0,262535211	93,2	24,1	9	10,35555556	0,025352113	0	1013,55"
"31/10/2013	Brand	260	1696	0,153301887	0,229115385	59,57	24,4	9	6,618888889	0,034615385	0	1237,55"
"01/11/2013	Brand	232	1763	0,131593874	0,199655172	46,32	24	13	3,563076923	0,056034483	0	1647,9"
"02/11/2013	Brand	257	1894	0,135691658	0,175564202	45,12	24,2	6	7,52	0,023346304	0	607,2"
"03/11/2013	Brand	333	2366	0,140743872	0,178348348	59,39	24,2	14	4,242142857	0,042042042	0	1377,2"
"04/11/2013	Brand	359	2258	0,158990257	0,168997214	60,67	22,4	16	3,791875	0,044568245	0	1619,7"
"05/11/2013	Brand	326	2414	0,135045568	0,181595092	59,2	24	13	4,553846154	0,039877301	0	1468,35"
"06/11/2013	Brand	312	2243	0,13909942	0,165160256	51,53	23	13	3,963846154	0,041666667	0	1192,85"
"07/11/2013	Brand	286	2133	0,134083451	0,169265734	48,41	24	15	3,227333333	0,052447552	0	1409,25"
"08/11/2013	Brand	292	2041	0,143067124	0,150890411	44,06	23	10	4,406	0,034246575	0	1564"
"09/11/2013	Brand	296	2313	0,12797233	0,184459459	54,6	24	10	5,46	0,033783784	0	892,5"
"10/11/2013	Brand	269	2756	0,097605225	0,167732342	45,12	24	1	45,12	0,003717472	0	201,95"
"11/11/2013	Brand	364	2444	0,14893617	0,169862637	61,83	24	15	4,122	0,041208791	0	1308,3"
"12/11/2013	Brand	296	1928	0,153526971	0,165709459	49,05	24,2	8	6,13125	0,027027027	0	1321"
"13/11/2013	Brand	326	1991	0,163736816	0,145766871	47,52	23	11	4,32	0,033742331	0	1385,35"
"14/11/2013	Brand	312	2081	0,149927919	0,162948718	50,84	24,1	4	12,71	0,012820513	0	507,75"
"15/11/2013	Brand	245	1980	0,123737374	0,157469388	38,58	24,2	10	3,858	0,040816327	0	878,5"
"16/11/2013	Brand	314	1837	0,170930866	0,198216561	62,24	24	11	5,658181818	0,035031847	0	821,45"
"17/11/2013	Brand	313	2196	0,142531876	0,327060703	102,37	23	11	9,306363636	0,03514377	0	891,5"
"18/11/2013	Brand	370	2181	0,169646951	0,316594595	117,14	24,1	17	6,890588235	0,045945946	0	2295,15"
"19/11/2013	Brand	305	2067	0,147556846	0,32452459	98,98	23,1	8	12,3725	0,026229508	0	1277"
"20/11/2013	Brand	337	2086	0,161553212	0,300860534	101,39	24	17	5,964117647	0,050445104	0	1497"
"21/11/2013	Brand	276	2191	0,125969877	0,355869565	98,22	24,2	7	14,03142857	0,025362319	0	577,85"
"22/11/2013	Brand	280	2012	0,13916501	0,332821429	93,19	23,1	14	6,656428571	0,05	0	1444,4"
"23/11/2013	Brand	329	1902	0,172975815	0,30224924	99,44	23	12	8,286666667	0,036474164	0	962,35"
"24/11/2013	Brand	391	2579	0,151609151	0,162327366	63,47	24	7	9,067142857	0,017902813	0	500,8"
"25/11/2013	Brand	434	2658	0,163280662	0,168387097	73,08	24	13	5,621538462	0,029953917	0	1396,9"
"26/11/2013	Brand	359	2312	0,155276817	0,265877437	95,45	23	9	10,60555556	0,025069638	0	835,65"
"27/11/2013	Brand	263	1977	0,133029843	0,35148289	92,44	24,2	9	10,27111111	0,034220532	0	1420,85"
"28/11/2013	Brand	326	2083	0,156505041	0,473619632	154,4	24,1	21	7,352380952	0,064417178	0	2321,8"
"29/11/2013	Brand	281	1887	0,14891362	0,519501779	145,98	23,2	16	9,12375	0,056939502	0	1695,9"
"30/11/2013	Brand	270	2089	0,129248444	0,56262963	151,91	24,1	11	13,81	0,040740741	0	1746,25"
"01/12/2013	Brand	367	2299	0,159634624	0,510599455	187,39	24,1	28	6,6925	0,076294278	0	3739,65"
"02/12/2013	Brand	350	2236	0,156529517	0,341428571	119,5	24,3	14	8,535714286	0,04	0	1733,3"
"03/12/2013	Brand	262	1921	0,136387298	0,219083969	57,4	24	8	7,175	0,030534351	0	829,6"
"04/12/2013	Brand	333	1970	0,169035533	0,211081081	70,29	27	9	7,81	0,027027027	0	725,1"
"05/12/2013	Brand	328	1818	0,180418042	0,208536585	68,4	35	11	6,218181818	0,033536585	0	879"
"06/12/2013	Brand	261	1561	0,167200512	0,178275862	46,53	34,3	6	7,755	0,022988506	0	673,25"
"07/12/2013	Brand	265	1400	0,189285714	0,172226415	45,64	30,6	11	4,149090909	0,041509434	0	808,75"
"08/12/2013	Brand	312	1958	0,159346272	0,269519231	84,09	35	7	12,01285714	0,022435897	0	1154,65"
"09/12/2013	Brand	327	1873	0,174586225	0,198654434	64,96	39	12	5,413333333	0,036697248	0	1176,95"
"10/12/2013	Brand	309	1987	0,15551082	0,218867314	67,63	32,2	9	7,514444444	0,029126214	0	1063,55"
"11/12/2013	Brand	273	1726	0,158169177	0,246043956	67,17	40,6	8	8,39625	0,029304029	0	586,8"
"12/12/2013	Brand	220	1654	0,133010883	0,229954545	50,59	37,5	9	5,621111111	0,040909091	0	612,05"
"13/12/2013	Brand	270	1395	0,193548387	0,24762963	66,86	40	8	8,3575	0,02962963	0	780"
"14/12/2013	Brand	272	1549	0,175597159	0,212683824	57,85	42,1	2	28,925	0,007352941	0	338,4"
"15/12/2013	Brand	276	1668	0,165467626	0,329166667	90,85	42,4	12	7,570833333	0,043478261	0	1458,2"
"16/12/2013	Brand	260	1791	0,145170296	0,361692308	94,04	46,4	12	7,836666667	0,046153846	0	1223,65"
"17/12/2013	Brand	227	1432	0,158519553	0,389207048	88,35	43,5	7	12,62142857	0,030837004	0	1118,1"
"18/12/2013	Brand	204	1220	0,167213115	0,430735294	87,87	49,1	3	29,29	0,014705882	0	140,7"
"19/12/2013	Brand	212	1167	0,181662382	0,430518868	91,27	49,9	5	18,254	0,023584906	0	607,4"
"20/12/2013	Brand	170	948	0,179324895	0,300117647	51,02	43,7	3	17,00666667	0,017647059	0	207,75"
"21/12/2013	Brand	154	805	0,191304348	0,27	41,58	24,4	5	8,316	0,032467532	0	857,6"
"22/12/2013	Brand	192	1021	0,18805093	0,338177083	64,93	23,7	8	8,11625	0,041666667	0	637,6"
"23/12/2013	Brand	185	882	0,209750567	0,400648649	74,12	24,3	7	10,58857143	0,037837838	0	1185,1"
"24/12/2013	Brand	189	833	0,226890756	0,521534392	98,57	26,7	1	98,57	0,005291005	0	137,95"
"25/12/2013	Brand	191	811	0,235511714	0,613246073	117,13	25,9	3	39,04333333	0,015706806	0	192,85"
"26/12/2013	Brand	710	2185	0,324942792	0,608661972	432,15	35,9	45	9,603333333	0,063380282	0	5849,87"
"27/12/2013	Brand	646	1995	0,323809524	0,335232198	216,56	50,5	34	6,369411765	0,052631579	0	4394,85"
"28/12/2013	Brand	492	1703	0,288901938	0,295853659	145,56	47,5	26	5,598461538	0,052845528	0	4205,24"
"29/12/2013	Brand	498	1746	0,285223368	0,26751004	133,22	47,2	22	6,055454545	0,044176707	0	2687,4"
"30/12/2013	Brand	486	1743	0,278829604	0,267386831	129,95	48	23	5,65	0,047325103	0	2532,25"
"31/12/2013	Brand	332	1233	0,269261963	0,266957831	88,63	46,9	22	4,028636364	0,06626506	0	2908,85"
"01/01/2014	Brand	476	1595	0,298432602	0,253046218	120,45	46,2	16	7,528125	0,033613445	0	1874,86"
"02/01/2014	Brand	396	1889	0,209634727	0,282954545	112,05	49,3	20	5,6025	0,050505051	0	1504,9"
"03/01/2014	Brand	417	1863	0,223832528	0,262374101	109,41	46,4	15	7,294	0,035971223	0	1652,2"
"04/01/2014	Brand	447	1970	0,226903553	0,242796421	108,53	42,8	14	7,752142857	0,031319911	0	1780,3"
"05/01/2014	Brand	447	1986	0,225075529	0,28704698	128,31	46,7	14	9,165	0,031319911	0	1861,7"
"06/01/2014	Brand	396	1888	0,209745763	0,328661616	130,15	42,1	12	10,84583333	0,03030303	0	1066,3"
"07/01/2014	Brand	404	1948	0,207392197	0,352128713	142,26	44,5	16	8,89125	0,03960396	0	1230,3"
"08/01/2014	Brand	411	2167	0,189663129	0,319854015	131,46	47	16	8,21625	0,03892944	0	1944,35"
"09/01/2014	Brand	422	1779	0,237211917	0,287914692	121,5	48,2	16	7,59375	0,037914692	0	1717,25"
"10/01/2014	Brand	382	1927	0,198235599	0,242905759	92,79	47,1	16	5,799375	0,041884817	0	1459,57"
"11/01/2014	Brand	398	1620	0,245679012	0,25718593	102,36	47,7	19	5,387368421	0,047738693	0	2055,9"
"12/01/2014	Brand	441	2166	0,203601108	0,262630385	115,82	45,8	18	6,434444444	0,040816327	0	1567,9"
"13/01/2014	Brand	377	1948	0,193531828	0,259628647	97,88	45,8	14	6,991428571	0,037135279	0	1312,85"
"14/01/2014	Brand	359	1815	0,197796143	0,281615599	101,1	46,7	22	4,595454545	0,061281337	0	3038,25"
"15/01/2014	Brand	374	2003	0,18671992	0,371122995	138,8	45,7	16	8,675	0,042780749	0	1375,06"
"16/01/2014	Brand	349	1793	0,194645845	0,405071633	141,37	45,6	13	10,87461538	0,037249284	0	2676,95"
"17/01/2014	Brand	322	1662	0,193742479	0,405993789	130,73	47,3	16	8,170625	0,049689441	0	1407,4"
"18/01/2014	Brand	298	1761	0,169222033	0,325771812	97,08	47,4	13	7,467692308	0,043624161	0	1544,5"
"19/01/2014	Brand	359	1991	0,180311401	0,34189415	122,74	45,8	8	15,3425	0,022284123	0	1070,45"
"20/01/2014	Brand	369	2141	0,172349369	0,376531165	138,94	49,7	9	15,43777778	0,024390244	0	858"
"21/01/2014	Brand	403	4972	0,081053902	0,415136476	167,3	56,3	18	9,294444444	0,044665012	0	2007,49"
"22/01/2014	Brand	386	7900	0,048860759	0,41515544	160,25	108,4	12	13,35416667	0,031088083	0	1177,8"
"23/01/2014	Brand	467	9408	0,049638605	0,400385439	186,98	144,8	8	23,3725	0,017130621	0	671,45"
"24/01/2014	Brand	437	9614	0,045454545	0,407437071	178,05	123,8	11	16,18636364	0,025171625	0	972,53"
"25/01/2014	Brand	491	9945	0,049371543	0,380875764	187,01	100,7	10	18,701	0,020366599	0	733,31"
"26/01/2014	Brand	517	10513	0,049177209	0,39270793	203,03	95,9	16	12,689375	0,030947776	0	1813,16"
"27/01/2014	Brand	493	9516	0,051807482	0,380527383	187,6	100,6	11	17,05454545	0,022312373	0	1220,5"
"28/01/2014	Brand	479	10483	0,045693027	0,408121086	195,49	102,3	14	13,96357143	0,029227557	0	1082,75"
"29/01/2014	Brand	594	14794	0,040151413	0,429074074	254,87	107,7	21	12,13666667	0,035353535	0	3093,2"
"30/01/2014	Brand	107	2847	0,037583421	0,412990654	44,19	47,6	2	22,095	0,018691589	0	81,9"
"31/01/2014	Brand	367	9019	0,040691873	0,462615804	169,78	41,8	12	14,14833333	0,032697548	0	1339,8"
"01/02/2014	Brand	574	13678	0,0419652	0,434442509	249,37	108,1	15	16,62466667	0,026132404	0	1149,45"
"02/02/2014	Brand	628	15564	0,040349525	0,444267516	279	105,2	13	21,46153846	0,020700637	0	895,8"
"03/02/2014	Brand	586	14359	0,040810641	0,465784983	272,95	113	17	16,05588235	0,029010239	0	1288,5"
"04/02/2014	Brand	357	5031	0,070960048	0,377058824	134,61	84,3	13	10,35461538	0,036414566	0	1204,4"
"05/02/2014	Brand	321	2182	0,147112741	0,352149533	113,04	46,1	15	7,536	0,046728972	0	1002,6"
"06/02/2014	Brand	378	2226	0,169811321	0,337671958	127,64	44,7	9	14,18222222	0,023809524	0	591,85"
"07/02/2014	Brand	294	1857	0,158319871	0,332619048	97,79	47,5	5	19,558	0,017006803	0	1007,75"
"08/02/2014	Brand	302	1931	0,15639565	0,332748344	100,49	46,1	8	12,56125	0,026490066	0	705,8"
"09/02/2014	Brand	340	2045	0,166259169	0,332764706	113,14	49	11	10,28545455	0,032352941	0	931,1"
"10/02/2014	Brand	303	2221	0,136425034	0,259372937	78,59	68,4	11	7,144545455	0,03630363	0	1063,1"
"11/02/2014	Brand	292	2103	0,138849263	0,233424658	68,16	106,2	9	7,573333333	0,030821918	0	796,4"
"12/02/2014	Brand	288	1960	0,146938776	0,299236111	86,18	104,3	11	7,834545455	0,038194444	0	995,2"
"13/02/2014	Brand	305	1899	0,160610848	0,302983607	92,41	75,7	10	9,241	0,032786885	0	811,75"
"14/02/2014	Brand	268	1705	0,157184751	0,246268657	66	85,7	10	6,6	0,037313433	0	724,15"
"15/02/2014	Brand	299	1897	0,15761729	0,304314381	90,99	81,8	12	7,5825	0,040133779	0	976,2"
"16/02/2014	Brand	325	2165	0,150115473	0,332769231	108,15	104,8	8	13,51875	0,024615385	0	947,7"
"17/02/2014	Brand	313	2052	0,152534113	0,322300319	100,88	88,4	13	7,76	0,041533546	0	1183,35"
"18/02/2014	Brand	319	1990	0,160301508	0,35630094	113,66	85,8	10	11,366	0,031347962	0	830,3"
"19/02/2014	Brand	287	1790	0,160335196	0,340836237	97,82	82,9	5	19,564	0,017421603	0	382,3"
"20/02/2014	Brand	277	1740	0,159195402	0,333971119	92,51	90,8	15	6,167333333	0,054151625	0	1102,8"
"21/02/2014	Brand	273	1819	0,150082463	0,384725275	105,03	72,7	10	10,503	0,036630037	0	867,15"
"22/02/2014	Brand	279	1659	0,168173599	0,502150538	140,1	74,3	9	15,56666667	0,032258065	0	722,75"
"23/02/2014	Brand	280	1992	0,140562249	0,408357143	114,34	68,7	7	16,33428571	0,025	0	648,95"
"24/02/2014	Brand	283	1860	0,152150538	0,600636042	169,98	79,9	18	9,443333333	0,06360424	0	1635,4"
"25/02/2014	Brand	304	2070	0,146859903	0,617598684	187,75	92,9	11	17,06818182	0,036184211	0	726"
"26/02/2014	Brand	277	1771	0,156408809	0,569927798	157,87	80,2	17	9,286470588	0,061371841	0	1877,25"
"27/02/2014	Brand	275	1737	0,158318941	0,583672727	160,51	84,4	15	10,70066667	0,054545455	0	1582,5"
"28/02/2014	Brand	276	2081	0,132628544	0,546557971	150,85	107,9	19	7,939473684	0,06884058	0	2129,85"
"01/03/2014	Brand	325	1830	0,177595628	0,545076923	177,15	127,5	6	29,525	0,018461538	0	617,2"
"02/03/2014	Brand	410	2397	0,171047142	0,437512195	179,38	149	9	19,93111111	0,02195122	0	667,55"
"03/03/2014	Brand	364	2130	0,170892019	0,59739011	217,45	139,9	9	24,16111111	0,024725275	0	1063"
"04/03/2014	Brand	342	2080	0,164423077	0,542602339	185,57	151	7	26,51	0,020467836	0	1526,1"
"05/03/2014	Brand	320	1983	0,161371659	0,57090625	182,69	130,7	13	14,05307692	0,040625	0	1965,85"
"06/03/2014	Brand	259	1713	0,151196731	0,4196139	108,68	132,1	4	27,17	0,015444015	0	476,8"
"07/03/2014	Brand	253	1820	0,139010989	0,556996047	140,92	121,7	4	35,23	0,015810277	0	431,8"
"08/03/2014	Brand	292	1756	0,166287016	0,562910959	164,37	115,2	9	18,26333333	0,030821918	0	1405,55"
"09/03/2014	Brand	281	2088	0,134578544	0,470320285	132,16	143,1	9	14,68444444	0,03202847	0	757"
"10/03/2014	Brand	379	2052	0,184697856	0,531187335	201,32	120,2	8	25,165	0,021108179	0	1463,1"
"11/03/2014	Brand	375	1842	0,203583062	0,376026667	141,01	129,5	4	35,2525	0,010666667	0	691,8"
"12/03/2014	Brand	319	1826	0,174698795	0,395862069	126,28	117,4	14	9,02	0,043887147	0	2761,5"
"13/03/2014	Brand	332	1813	0,183121897	0,488192771	162,08	115	6	27,01333333	0,018072289	0	481,7"
"14/03/2014	Brand	319	1650	0,193333333	0,497335423	158,65	122	6	26,44166667	0,018808777	0	680,7"
"15/03/2014	Brand	335	1538	0,217815345	0,386238806	129,39	123,6	5	25,878	0,014925373	0	875,2"
"16/03/2014	Brand	375	1894	0,197993664	0,406826667	152,56	145,4	12	12,71333333	0,032	0	1702,85"
"17/03/2014	Brand	381	2110	0,18056872	0,51847769	197,54	152,3	12	16,46166667	0,031496063	0	913,35"
"18/03/2014	Brand	365	1986	0,183786506	0,565041096	206,24	143,1	9	22,91555556	0,024657534	0	1088,7"
"19/03/2014	Brand	394	1930	0,204145078	0,556624365	219,31	131,2	7	31,33	0,017766497	0	715,15"
"20/03/2014	Brand	402	1867	0,215318693	0,40199005	161,6	127,1	9	17,95555556	0,02238806	0	1292,6"
"21/03/2014	Brand	283	1884	0,150212314	0,31360424	88,75	135,5	7	12,67857143	0,024734982	0	518,95"
"22/03/2014	Brand	356	1881	0,189261031	0,291544944	103,79	146,6	7	14,82714286	0,019662921	0	574,15"
"23/03/2014	Brand	405	2202	0,183923706	0,284938272	115,4	137,8	15	7,693333333	0,037037037	0	1734,25"
"24/03/2014	Brand	429	2218	0,193417493	0,23986014	102,9	143,3	10	10,29	0,023310023	0	2599,45"
"25/03/2014	Brand	370	1994	0,18555667	0,212783784	78,73	132,7	4	19,6825	0,010810811	0	426,3"
"26/03/2014	Brand	350	1934	0,180972079	0,177742857	62,21	127,6	4	15,5525	0,011428571	0	253,35"
"27/03/2014	Brand	294	1867	0,15747188	0,209455782	61,58	119,9	14	4,398571429	0,047619048	0	1777,45"
"28/03/2014	Brand	291	1810	0,160773481	0,290515464	84,54	118,1	1	84,54	0,003436426	0	89,45"
"29/03/2014	Brand	246	1448	0,169889503	0,242804878	59,73	119,7	5	11,946	0,020325203	0	808,3"
"30/03/2014	Brand	343	1817	0,188772702	0,186793003	64,07	116,5	7	9,152857143	0,020408163	0	639,7"
"31/03/2014	Brand	365	1981	0,184250379	0,209342466	76,41	127	14	5,457857143	0,038356164	0	2271,3"
"01/04/2014	Brand	415	1808	0,229535398	0,201542169	83,64	120,2	7	11,94857143	0,01686747	0	860,7"
"02/04/2014	Brand	403	1904	0,211659664	0,22133995	89,2	113,4	12	7,433333333	0,029776675	0	1418,65"
"03/04/2014	Brand	380	1886	0,201484624	0,191105263	72,62	128,3	12	6,051666667	0,031578947	0	1737,24"
"04/04/2014	Brand	335	1667	0,200959808	0,18761194	62,85	114	10	6,285	0,029850746	0	1112,37"
"05/04/2014	Brand	316	1608	0,196517413	0,206487342	65,25	119,2	5	13,05	0,015822785	0	1039,75"
"06/04/2014	Brand	406	2494	0,162790698	0,213029557	86,49	160,4	9	9,61	0,022167488	0	1448,6"
"07/04/2014	Brand	431	2110	0,204265403	0,213828306	92,16	141,6	12	7,68	0,027842227	0	1470,57"
"08/04/2014	Brand	338	1917	0,176317162	0,222662722	75,26	144,1	5	15,052	0,014792899	0	591,6"
"09/04/2014	Brand	373	1938	0,19246646	0,214772118	80,11	134,3	10	8,011	0,026809651	0	996,6"
"10/04/2014	Brand	329	1815	0,181267218	0,210851064	69,37	112,5	8	8,67125	0,024316109	0	1177,9"
"11/04/2014	Brand	300	1642	0,182704019	0,240466667	72,14	115,4	10	7,214	0,033333333	0	1795"
"12/04/2014	Brand	344	1828	0,188183807	0,206104651	70,9	120	6	11,81666667	0,01744186	0	654,75"
"13/04/2014	Brand	386	1884	0,204883227	0,23626943	91,2	124,2	11	8,290909091	0,028497409	0	1332,05"
"14/04/2014	Brand	358	1783	0,200785193	0,188631285	67,53	122,4	11	6,139090909	0,030726257	0	1056,25"
"15/04/2014	Brand	346	1965	0,176081425	0,204277457	70,68	130,3	8	8,835	0,023121387	0	1008,27"
"16/04/2014	Brand	329	1639	0,200732154	0,246595745	81,13	108,5	10	8,113	0,030395137	0	1923,05"
"17/04/2014	Brand	306	1600	0,19125	0,288431373	88,26	101,5	6	14,71	0,019607843	0	456,95"
"18/04/2014	Brand	271	1505	0,180066445	0,20797048	56,36	111,4	4	14,09	0,014760148	0	257,95"
"19/04/2014	Brand	265	1683	0,157456922	0,208754717	55,32	113,1	7	7,902857143	0,026415094	0	685,35"
"20/04/2014	Brand	317	1838	0,172470076	0,199211356	63,15	119,6	14	4,510714286	0,044164038	0	1724,85"
"21/04/2014	Brand	374	2073	0,180414858	0,180668449	67,57	122,3	8	8,44625	0,021390374	0	961,95"
"22/04/2014	Brand	552	2664	0,207207207	0,199293478	110,01	126,5	17	6,471176471	0,030797101	0	1775,1"
"23/04/2014	Brand	402	2068	0,194390716	0,209079602	84,05	116,3	9	9,338888889	0,02238806	0	1035,8"
"24/04/2014	Brand	338	2044	0,165362035	0,203786982	68,88	116	11	6,261818182	0,032544379	0	848,62"
"25/04/2014	Brand	394	2222	0,177317732	0,213502538	84,12	145,8	10	8,412	0,025380711	0	949,45"
"26/04/2014	Brand	375	2105	0,178147268	0,171973333	64,49	126,9	6	10,74833333	0,016	0	698,7"
"27/04/2014	Brand	479	2652	0,180618401	0,18736952	89,75	136,4	10	8,975	0,020876827	0	957,05"
"28/04/2014	Brand	416	2533	0,164232136	0,214278846	89,14	130,4	11	8,103636364	0,026442308	0	1551"
"29/04/2014	Brand	423	2178	0,194214876	0,220330969	93,2	113,4	12	7,766666667	0,028368794	0	902,95"
"30/04/2014	Brand	352	2124	0,165725047	0,214034091	75,34	117,2	10	7,534	0,028409091	0	1161,65"
"01/05/2014	Brand	371	1943	0,190941843	0,201590296	74,79	107	13	5,753076923	0,035040431	0	1613,25"
"02/05/2014	Brand	349	1917	0,182055295	0,219512894	76,61	115,9	9	8,512222222	0,025787966	0	718,05"
"03/05/2014	Brand	296	1840	0,160869565	0,192128378	56,87	121,4	9	6,318888889	0,030405405	0	4228,75"
"04/05/2014	Brand	340	1712	0,198598131	0,183470588	62,38	97,7	7	8,911428571	0,020588235	0	720,95"
"05/05/2014	Brand	357	2205	0,161904762	0,195210084	69,69	120,4	11	6,335454545	0,030812325	0	1272,95"
"06/05/2014	Brand	365	2081	0,175396444	0,210958904	77	96,9	11	7	0,030136986	0	2053,85"
"07/05/2014	Brand	376	1897	0,198207696	0,221781915	83,39	87,3	7	11,91285714	0,018617021	0	1094,15"
"08/05/2014	Brand	382	2213	0,172616358	0,228036649	87,11	103,7	16	5,444375	0,041884817	0	1588,25"
"09/05/2014	Brand	283	1857	0,152396338	0,229222615	64,87	102,3	4	16,2175	0,014134276	0	347,1"
"10/05/2014	Brand	347	1859	0,186659494	0,209769452	72,79	96,3	10	7,279	0,028818444	0	1440,6"
"11/05/2014	Brand	398	2430	0,163786008	0,234648241	93,39	115,9	8	11,67375	0,020100503	0	489,4"
"12/05/2014	Brand	424	2130	0,199061033	0,212169811	89,96	114,8	9	9,995555556	0,021226415	0	1466,4"
"13/05/2014	Brand	374	1599	0,233896185	0,196604278	73,53	90	12	6,1275	0,032085561	0	1025,15"
"14/05/2014	Brand	523	1977	0,264542236	0,175544933	91,81	76,7	19	4,832105263	0,036328872	0	2546,06"
"15/05/2014	Brand	400	1662	0,240673887	0,181025	72,41	80,6	13	5,57	0,0325	0	1616,6"
"16/05/2014	Brand	409	1487	0,275050437	0,195085575	79,79	70,4	19	4,199473684	0,046454768	0	2177,75"
"17/05/2014	Brand	346	1453	0,238128011	0,183959538	63,65	81,6	10	6,365	0,028901734	0	1403,8"
"18/05/2014	Brand	385	1712	0,224883178	0,266519481	102,61	84,6	11	9,328181818	0,028571429	0	922,85"
"19/05/2014	Brand	413	1764	0,234126984	0,327651332	135,32	100,6	13	10,40923077	0,031476998	0	2196,59"
"20/05/2014	Brand	343	1886	0,181866384	0,324956268	111,46	87,7	10	11,146	0,029154519	0	1124"
"21/05/2014	Brand	381	1919	0,198540907	0,341391076	130,07	75,3	3	43,35666667	0,007874016	0	246,85"
"22/05/2014	Brand	315	1645	0,191489362	0,33831746	106,57	79,5	5	21,314	0,015873016	0	434,75"
"23/05/2014	Brand	288	1736	0,165898618	0,336319444	96,86	98,4	9	10,76222222	0,03125	0	1120,4"
"24/05/2014	Brand	326	1987	0,164066432	0,349723926	114,01	92,8	3	38,00333333	0,009202454	0	264,35"
"25/05/2014	Brand	309	2137	0,144595227	0,348802589	107,78	97,5	3	35,92666667	0,009708738	0	103,3"
"26/05/2014	Brand	358	2297	0,155855464	0,361759777	129,51	94,4	9	14,39	0,025139665	0	1187,05"
"27/05/2014	Brand	422	2241	0,188308791	0,356563981	150,47	81,4	10	15,047	0,023696682	0	1688,05"
"28/05/2014	Brand	367	2275	0,161318681	0,275912807	101,26	98,8	9	11,25111111	0,024523161	0	710,15"
"29/05/2014	Brand	357	1978	0,180485339	0,265182073	94,67	85,8	15	6,311333333	0,042016807	0	1313"
"30/05/2014	Brand	161	653	0,246554364	0,445590062	71,74	40,4	4	17,935	0,02484472	0	548,75"
"31/05/2014	Brand	233	1251	0,186250999	0,257081545	59,9	63,5	3	19,96666667	0,012875536	0	268,2"
"01/06/2014	Brand	136	768	0,177083333	0,489044118	66,51	36,8	5	13,302	0,036764706	0	547,8"
"02/06/2014	Brand	254	1467	0,173142468	0,28992126	73,64	35,6	10	7,364	0,039370079	0	691,1"
"03/06/2014	Brand	280	1417	0,197600565	0,247821429	69,39	31,4	10	6,939	0,035714286	0	676,35"
"04/06/2014	Brand	288	1397	0,206156049	0,237465278	68,39	30,4	5	13,678	0,017361111	0	455,65"
"05/06/2014	Brand	256	1181	0,216765453	0,264414063	67,69	30,2	12	5,640833333	0,046875	0	1139,35"
"06/06/2014	Brand	284	1646	0,17253949	0,249683099	70,91	44,2	10	7,091	0,035211268	0	1040,15"
"07/06/2014	Brand	379	1902	0,199263933	0,209656992	79,46	42,6	12	6,621666667	0,031662269	0	1772"
"08/06/2014	Brand	399	2132	0,187148218	0,274160401	109,39	44,3	19	5,757368421	0,047619048	0	2397,37"
"09/06/2014	Brand	379	2105	0,180047506	0,190817942	72,32	45,8	13	5,563076923	0,034300792	0	1563,6"
"10/06/2014	Brand	373	2011	0,185479861	0,253351206	94,5	45	7	13,5	0,018766756	0	408,5"
"11/06/2014	Brand	374	1944	0,192386831	0,252647059	94,49	49,6	9	10,49888889	0,024064171	0	530,55"
"12/06/2014	Brand	390	1826	0,213581599	0,303666667	118,43	51,2	10	11,843	0,025641026	0	1272,08"
"13/06/2014	Brand	381	2072	0,183880309	0,341706037	130,19	50,5	13	10,01461538	0,034120735	0	1068,9"
"14/06/2014	Brand	304	1784	0,170403587	0,452598684	137,59	51,9	12	11,46583333	0,039473684	0	960,75"
"15/06/2014	Brand	364	1961	0,185619582	0,420576923	153,09	50,2	7	21,87	0,019230769	0	310,9"
"16/06/2014	Brand	329	1889	0,174166226	0,46006079	151,36	54	7	21,62285714	0,021276596	0	379,95"
"17/06/2014	Brand	318	1626	0,195571956	0,526886792	167,55	62	9	18,61666667	0,028301887	0	671,35"
"18/06/2014	Brand	354	1740	0,203448276	0,56519774	200,08	58,2	15	13,33866667	0,042372881	0	1813,3"
"19/06/2014	Brand	343	1448	0,236878453	0,576618076	197,78	61,9	20	9,889	0,058309038	0	1912,46"
"20/06/2014	Brand	328	1616	0,202970297	0,536158537	175,86	54,5	11	15,98727273	0,033536585	0	1050,8"
"21/06/2014	Brand	353	1916	0,184237996	0,488073654	172,29	52,8	9	19,14333333	0,025495751	0	1021,9"
"22/06/2014	Brand	346	1934	0,178903826	0,508468208	175,93	54,3	29	6,066551724	0,083815029	0	3275,1"
"23/06/2014	Brand	419	1998	0,20970971	0,456181384	191,14	57,5	14	13,65285714	0,033412888	0	1671,75"
"24/06/2014	Brand	395	2053	0,192401364	0,423037975	167,1	53,7	16	10,44375	0,040506329	0	1457,6"
"25/06/2014	Brand	459	2132	0,215290807	0,437320261	200,73	61	18	11,15166667	0,039215686	0	1565,4"
"26/06/2014	Brand	404	1763	0,22915485	0,450148515	181,86	51	9	20,20666667	0,022277228	0	1133,25"
"27/06/2014	Brand	335	1934	0,173216132	0,408119403	136,72	58,9	8	17,09	0,023880597	0	643,45"
"28/06/2014	Brand	382	2096	0,182251908	0,395314136	151,01	66,2	13	11,61615385	0,034031414	0	1612,84"
"29/06/2014	Brand	459	2570	0,178599222	0,391459695	179,68	76,5	14	12,83428571	0,030501089	0	1038,2"
"30/06/2014	Brand	434	2448	0,177287582	0,384124424	166,71	71,9	15	11,114	0,034562212	0	1451,7"
"01/07/2014	Brand	374	2314	0,161624892	0,399705882	149,49	81	11	13,59	0,029411765	0	1021,4"
"02/07/2014	Brand	343	1858	0,184607104	0,477463557	163,77	64	4	40,9425	0,011661808	0	245,52"
"03/07/2014	Brand	351	2178	0,161157025	0,435527066	152,87	62	11	13,89727273	0,031339031	0	868,15"
"04/07/2014	Brand	471	2191	0,214970333	0,405350318	190,92	76,4	12	15,91	0,025477707	0	1088,25"
"05/07/2014	Brand	373	2087	0,178725443	0,38150134	142,3	64,7	8	17,7875	0,021447721	0	862,75"
"06/07/2014	Brand	453	2221	0,203962179	0,360507726	163,31	71,1	19	8,595263158	0,041942605	0	1985,8"
"07/07/2014	Brand	395	2030	0,194581281	0,366202532	144,65	77	17	8,508823529	0,043037975	0	1510,8"
"08/07/2014	Brand	336	1784	0,188340807	0,411458333	138,25	73	9	15,36111111	0,026785714	0	773,6"
"09/07/2014	Brand	267	1379	0,193618564	0,512846442	136,93	74,6	5	27,386	0,018726592	0	354,45"
"10/07/2014	Brand	323	1725	0,187246377	0,532229102	171,91	75,4	11	15,62818182	0,034055728	0	976,05"
"11/07/2014	Brand	328	1730	0,189595376	0,492195122	161,44	68,3	7	23,06285714	0,021341463	0	974,55"
"12/07/2014	Brand	290	1480	0,195945946	0,463896552	134,53	63,9	8	16,81625	0,027586207	0	715,05"
"13/07/2014	Brand	377	1927	0,195640893	0,453103448	170,82	75,8	13	13,14	0,034482759	0	1260,5"
"14/07/2014	Brand	379	2144	0,176772388	0,480211082	182	76,5	8	22,75	0,021108179	0	523,4"
"15/07/2014	Brand	359	1832	0,195960699	0,461476323	165,67	63,3	8	20,70875	0,022284123	0	689,95"
"16/07/2014	Brand	346	1672	0,206937799	0,517023121	178,89	72	8	22,36125	0,023121387	0	839"
"17/07/2014	Brand	323	1810	0,178453039	0,48	155,04	74,4	7	22,14857143	0,021671827	0	611,05"
"18/07/2014	Brand	289	1624	0,177955665	0,450588235	130,22	64,1	16	8,13875	0,055363322	0	1637,25"
"19/07/2014	Brand	366	2125	0,172235294	0,457677596	167,51	70,4	15	11,16733333	0,040983607	0	1674,35"
"20/07/2014	Brand	531	1751	0,303255283	0,373389831	198,27	85,4	10	19,827	0,018832392	0	774"
"21/07/2014	Brand	429	2033	0,2110182	0,432634033	185,6	92,6	12	15,46666667	0,027972028	0	990,4"
"22/07/2014	Brand	429	1414	0,303394625	0,416969697	178,88	85,9	9	19,87555556	0,020979021	0	819,45"
"23/07/2014	Brand	355	1538	0,230819246	0,504140845	178,97	77,9	13	13,76692308	0,036619718	0	1198,66"
"24/07/2014	Brand	383	1822	0,210208562	0,44767624	171,46	65,8	14	12,24714286	0,036553525	0	2774,07"
"25/07/2014	Brand	341	1676	0,203460621	0,520351906	177,44	54,1	13	13,64923077	0,038123167	0	1422,95"
"26/07/2014	Brand	322	1491	0,215962441	0,604130435	194,53	64,5	7	27,79	0,02173913	0	767,4"
"27/07/2014	Brand	360	2190	0,164383562	0,536638889	193,19	75	13	14,86076923	0,036111111	0	1644,4"
"28/07/2014	Brand	317	1744	0,181766055	0,588233438	186,47	78,6	14	13,31928571	0,044164038	0	1017,55"
"29/07/2014	Brand	324	1598	0,202753442	0,564907407	183,03	72,5	17	10,76647059	0,052469136	0	1436,25"
"30/07/2014	Brand	339	1818	0,186468647	0,494188791	167,53	66,1	11	15,23	0,032448378	0	844,54"
"31/07/2014	Brand	363	1914	0,189655172	0,505812672	183,61	58,4	15	12,24066667	0,041322314	0	1381,93"
"01/08/2014	Brand	324	1923	0,168486739	0,496635802	160,91	74,9	13	12,37769231	0,040123457	0	1343,18"
"02/08/2014	Brand	305	1825	0,167123288	0,493508197	150,52	66,7	12	12,54333333	0,039344262	0	1303,9"
"03/08/2014	Brand	351	1971	0,178082192	0,490683761	172,23	74,2	15	11,482	0,042735043	0	1350,92"
"04/08/2014	Brand	378	1909	0,198009429	0,47510582	179,59	71,8	10	17,959	0,026455026	0	1213,85"
"05/08/2014	Brand	354	2249	0,15740329	0,490225989	173,54	81,1	13	13,34923077	0,036723164	0	992,7"
"06/08/2014	Brand	326	1910	0,170680628	0,48506135	158,13	76	10	15,813	0,030674847	0	737,05"
"07/08/2014	Brand	325	1747	0,1860332	0,514153846	167,1	63,1	9	18,56666667	0,027692308	0	1217,5"
"08/08/2014	Brand	322	1766	0,182332956	0,520062112	167,46	76,9	9	18,60666667	0,027950311	0	1805,3"
"09/08/2014	Brand	299	1707	0,175161101	0,565819398	169,18	68,5	5	33,836	0,016722408	0	399,85"
"10/08/2014	Brand	314	1587	0,197857593	0,562802548	176,72	80,4	18	9,817777778	0,057324841	0	1646,3"
"11/08/2014	Brand	321	1717	0,18695399	0,606417445	194,66	76,7	9	21,62888889	0,028037383	0	804,45"
"12/08/2014	Brand	311	1629	0,190914672	0,562926045	175,07	90	13	13,46692308	0,041800643	0	1876,15"
"13/08/2014	Brand	295	1735	0,170028818	0,543966102	160,47	75	7	22,92428571	0,023728814	0	1028,3"
"14/08/2014	Brand	199	1285	0,154863813	0,482763819	96,07	90,8	9	10,67444444	0,045226131	0	2178,25"
"15/08/2014	Brand	155	860	0,180232558	0,552516129	85,64	66,6	4	21,41	0,025806452	0	326,55"
"16/08/2014	Brand	176	1148	0,153310105	0,452727273	79,68	83,4	4	19,92	0,022727273	0	189,95"
"17/08/2014	Brand	152	990	0,153535354	0,499934211	75,99	84,8	8	9,49875	0,052631579	0	863,85"
"18/08/2014	Brand	200	1180	0,169491525	0,4078	81,56	72,7	11	7,414545455	0,055	0	1214,17"
"19/08/2014	Brand	196	1098	0,178506375	0,4225	82,81	64,4	11	7,528181818	0,056122449	0	1864,95"
"20/08/2014	Brand	175	833	0,210084034	0,453314286	79,33	57,2	6	13,22166667	0,034285714	0	1135,35"
"21/08/2014	Brand	172	814	0,211302211	0,502732558	86,47	53,8	12	7,205833333	0,069767442	0	1167,75"
"22/08/2014	Brand	163	694	0,234870317	0,409570552	66,76	52,3	7	9,537142857	0,042944785	0	1083,75"
"23/08/2014	Brand	140	869	0,161104718	0,474071429	66,37	61	6	11,06166667	0,042857143	0	828,65"
"24/08/2014	Brand	153	762	0,200787402	0,442875817	67,76	42,8	7	9,68	0,045751634	0	1260,45"
"25/08/2014	Brand	156	1313	0,118811881	0,459358974	71,66	71,5	3	23,88666667	0,019230769	0	459,85"
"26/08/2014	Brand	202	985	0,205076142	0,413366337	83,5	57,6	11	7,590909091	0,054455446	0	1143,25"
"27/08/2014	Brand	179	1151	0,155516942	0,432067039	77,34	58,9	10	7,734	0,055865922	0	983,03"
"28/08/2014	Brand	226	1376	0,164244186	0,401548673	90,75	51	11	8,25	0,048672566	0	2411,2"
"29/08/2014	Brand	217	1130	0,192035398	0,396774194	86,1	61,5	12	7,175	0,055299539	0	1194,8"
"30/08/2014	Brand	216	1328	0,162650602	0,376712963	81,37	40,8	8	10,17125	0,037037037	0	1089,2"
"31/08/2014	Brand	213	1271	0,167584579	0,367464789	78,27	96,8	12	6,5225	0,056338028	0	1211,15"
"01/09/2014	Brand	256	1506	0,16998672	0,372734375	95,42	82,4	9	10,60222222	0,03515625	0	821,65"
"02/09/2014	Brand	250	1240	0,201612903	0,42324	105,81	88,9	13	8,139230769	0,052	0	1517,9"
"03/09/2014	Brand	318	1798	0,176863181	0,370471698	117,81	85,8	20	5,8905	0,062893082	0	4406,58"
"04/09/2014	Brand	336	1676	0,200477327	0,359613095	120,83	79,5	15	8,055333333	0,044642857	0	1685,75"
"05/09/2014	Brand	335	1633	0,205143907	0,363850746	121,89	78	6	20,315	0,017910448	0	544,25"
"06/09/2014	Brand	306	2221	0,137775777	0,383496732	117,35	76,6	15	7,823333333	0,049019608	0	1658,92"
"07/09/2014	Brand	347	1720	0,201744186	0,347694524	120,65	86,3	18	6,702777778	0,051873199	0	1775,8"
"08/09/2014	Brand	362	1757	0,206033011	0,349254144	126,43	87,6	16	7,901875	0,044198895	0	1484,38"
"09/09/2014	Brand	352	1645	0,213981763	0,353068182	124,28	81,8	12	10,35666667	0,034090909	0	1719,85"
"10/09/2014	Brand	350	1561	0,224215247	0,335828571	117,54	74,7	12	9,795	0,034285714	0	1835,7"
"11/09/2014	Brand	332	1823	0,182117389	0,352018072	116,87	79,1	10	11,687	0,030120482	0	965,35"
"12/09/2014	Brand	342	1843	0,18556701	0,366345029	125,29	77,2	7	17,89857143	0,020467836	0	802,42"
"13/09/2014	Brand	356	1926	0,184839045	0,339269663	120,78	72,8	16	7,54875	0,04494382	0	1806,47"
"14/09/2014	Brand	357	1994	0,179037111	0,341932773	122,07	82,1	13	9,39	0,036414566	0	1459,25"
"15/09/2014	Brand	355	1846	0,192307692	0,362535211	128,7	77,9	13	9,9	0,036619718	0	1188"
"16/09/2014	Brand	330	1951	0,169144029	0,383757576	126,64	74,6	15	8,442666667	0,045454545	0	1464"
"17/09/2014	Brand	352	1755	0,200569801	0,361079545	127,1	80,2	11	11,55454545	0,03125	0	1051,42"
"18/09/2014	Brand	299	1622	0,184340321	0,403444816	120,63	76,7	11	10,96636364	0,036789298	0	985,25"
"19/09/2014	Brand	299	1715	0,174344023	0,403979933	120,79	72,9	7	17,25571429	0,023411371	0	953"
"20/09/2014	Brand	307	2026	0,151530109	0,399348534	122,6	90,3	13	9,430769231	0,042345277	0	1472,08"
"21/09/2014	Brand	319	1781	0,179112858	0,405329154	129,3	91,5	20	6,465	0,062695925	0	3135,07"
"22/09/2014	Brand	349	1888	0,184851695	0,363724928	126,94	72,4	19	6,681052632	0,054441261	0	2863,5"
